"added_at","arist_id","artist_name","album_name","track_duration_ms","track_explicit_flag","track_id","track_name","track_popularity","album_image","track_preview","danceability","energy","loudness","mode","speechiness","acousticness","instrumentalness","liveness","valence","temp","time_signature"
"2014-02-20T03:54:38Z","1GxkXlMwML1oSg5eLPiAz3","Michael Bublé","It's Time (U.S. Version)",237333,FALSE,"3I09LQbHS3NSU46Ly3tPpR","Feeling Good",59,"https://i.scdn.co/image/75a0f801d0c3e620462bb13d7f87bbeff2d4a0cf","https://p.scdn.co/mp3-preview/31fc9f95c681542af33e72bda7baa4951117dccd",0.535,0.548,-6.51,1,0.037,0.533,1.48e-06,0.123,0.474,115.144,3
"2014-02-20T03:54:57Z","2RdwBSPQiwcmiDo9kixcl8","Pharrell Williams","Despicable Me 2 (Original Motion Picture Soundtrack)",233305,FALSE,"6NPVjNh8Jhru9xOmyQigds","Happy",77,"https://i.scdn.co/image/d8a6239b6b6065b4d04d4f3fc97cbfc752cfd9e7","https://p.scdn.co/mp3-preview/609cf640a652b3ca4d22b1d604f0885b7a591af9",0.652,0.757,-6.819,1,0.153,0.286,0,0.0886,0.962,159.911,4
"2014-02-20T03:57:06Z","4phGZZrJZRo4ElhRtViYdl","Jason Mraz","We Sing. We Dance. We Steal Things.",242186,FALSE,"1EzrEOXmMH3G43AXT1y7pA","I'm Yours",81,"https://i.scdn.co/image/678a0b275dc2a108cf88ad43897ab9e0a2875931","https://p.scdn.co/mp3-preview/c58f1bc9160754337b858a4eb824a6ac2321041d",0.686,0.457,-8.322,1,0.0468,0.595,0,0.105,0.711,150.953,4
"2014-02-20T04:12:30Z","0TnOYISbd1XYRBk9myaseg","Pitbull","Global Warming: Meltdown (Deluxe Version)",204160,FALSE,"3cHyrEgdyYRjgJKSOiOtcS","Timber",74,"https://i.scdn.co/image/881fedd75a3c0b6de327ff10aebe4e3866463bd3","https://p.scdn.co/mp3-preview/d26c8392936843a07bb162853093de5bf2eb0011",0.581,0.963,-4.087,1,0.0981,0.0295,0,0.139,0.792,129.992,4
"2014-02-20T04:13:04Z","0TnOYISbd1XYRBk9myaseg","Pitbull","Planet Pit (Deluxe Version)",214826,FALSE,"1LomM3L6atrf79ZL7nHDp4","Shake Senora",59,"https://i.scdn.co/image/8f8245bee4d922f0ab68f0827623e5a57717fced","https://p.scdn.co/mp3-preview/e2c6dc3e97c8911df272367ff3ce5e1a3ae4319e",0.685,0.944,-5.19,1,0.34,0.134,0,0.362,0.551,128.013,4
"2014-02-20T04:13:10Z","0TnOYISbd1XYRBk9myaseg","Pitbull","Pitbull Starring In Rebelution",237120,FALSE,"5RzFJd6W40SDTyZkX6xx45","I Know You Want Me (Calle Ocho)",67,"https://i.scdn.co/image/cffd10f4474547c3ecd96da3b71649851af1cc21","https://p.scdn.co/mp3-preview/6f403695269d85830ce4e3aaa9004331595c2269",0.82,0.731,-6.02,1,0.159,0.0133,1.94e-05,0.131,0.805,127.076,4
"2014-02-20T04:26:45Z","5Pwc4xIPtQLFEnJriah9YJ","OneRepublic","Native (Deluxe)",257266,FALSE,"519uJbE3zyKLlToVA65PrP","Counting Stars",57,"https://i.scdn.co/image/99fe6e398479a701241449c46e0fc4a838a3d7d6","https://p.scdn.co/mp3-preview/4d925f34b29da74caba915d2e72d43ff2dc92f55",0.665,0.7,-4.946,0,0.042,0.066,0,0.119,0.485,121.961,4
"2014-02-20T04:28:12Z","163tK9Wjr9P9DmM0AVK7lm","Lorde","Pure Heroine",190185,FALSE,"2dLLR6qlu5UJ5gk0dKz0h3","Royals",73,"https://i.scdn.co/image/f06f0658ccc185e6e884fe4af76b217c4fe478c7","https://p.scdn.co/mp3-preview/bc4e8f47f5aa5b0b9a4fe1a25dfbd3b688bbfec5",0.616,0.432,-9.546,1,0.133,0.106,0,0.132,0.313,84.778,4
"2014-02-20T04:28:28Z","7EQ0qTo7fWT7DPxmxtSYEc","Bastille","Bad Blood",214147,FALSE,"3gbBpTdY8lnQwqxNCcf795","Pompeii",72,"https://i.scdn.co/image/4627f2fcd0f5299bb8577ddbe26a5e919095c781","https://p.scdn.co/mp3-preview/bbc1e33c92519556df22cb1193e68e10780a86e0",0.681,0.715,-6.318,1,0.0388,0.078,0,0.275,0.587,127.429,4
"2014-02-20T05:29:42Z","0X2BH1fck6amBIoJhDVmmJ","Ellie Goulding","Halcyon Days",231211,FALSE,"0xMd5bcWTbyXS7wPrBtZA6","Burn",72,"https://i.scdn.co/image/414d3fa5fd0910cb37ad6f95684df63bc1f8d640","https://p.scdn.co/mp3-preview/b0b06f9ee468d53920f55a02bd2b4f7313890d4e",0.516,0.772,-5.031,0,0.0476,0.296,0,0.101,0.319,87.038,4
"2014-02-20T05:32:34Z","6jJ0s89eD6GaHleKKya26X","Katy Perry","PRISM (Deluxe)",223546,FALSE,"3bDGwl0X3EjQmIyFD1uif5","Roar",74,"https://i.scdn.co/image/e68e1a8046af77e2c9f23ef348d3c88c3a9f5f01","https://p.scdn.co/mp3-preview/b822209633436d7a9e246e3054ca04e25b4e9873",0.56,0.756,-4.817,0,0.0415,0.00635,1.29e-05,0.55,0.401,179.771,4
"2014-02-20T05:36:57Z","2Sqr0DXoaYABbjBo9HaMkM","Sara Bareilles","The Blessed Unrest",220573,FALSE,"6Uy6K3KdmUdAfelUp0SeXn","Brave",72,"https://i.scdn.co/image/044340dd5b2147f9a877025888ddcb05aa049c3a","https://p.scdn.co/mp3-preview/20cffa039f5579b6202442d5cbe90a7f14bcda7f",0.551,0.836,-3.838,0,0.0524,0.00502,2.1e-05,0.0425,0.758,185.063,4
"2014-02-20T06:20:51Z","4njdEjTnLfcGImKZu1iSrz","AWOLNATION","Megalithic Symphony",259102,FALSE,"0ZR9NFol0hcgLSVJoQmREl","Sail",15,"https://i.scdn.co/image/d1ab2431504b2b4a36f1ee82a8ce6b905a63f257",NA,0.825,0.435,-9.582,1,0.0568,0.452,0.609,0.0953,0.251,119.038,4
"2014-02-21T20:44:17Z","0X2BH1fck6amBIoJhDVmmJ","Ellie Goulding","Lights",211800,FALSE,"7gUpO6td4OOnu0Lf9vhcIV","Lights - Single Version",65,"https://i.scdn.co/image/5031974d62fe1ef31b7678343e3ad4d11d922131","https://p.scdn.co/mp3-preview/b1a8c57fd81f840e0e1471999710766f4d03d029",0.684,0.794,-6.08,0,0.0375,0.0344,0.0445,0.111,0.769,120.024,4
"2014-02-21T20:45:35Z","0X2BH1fck6amBIoJhDVmmJ","Ellie Goulding","Anything Could Happen",286082,FALSE,"7hMqIrwysNlIXRmFCIn5j3","Anything Could Happen",55,"https://i.scdn.co/image/0f99d86b6f1a6dfee889c1521274dd59d594f7b2","https://p.scdn.co/mp3-preview/3e80e78581f617988c88618ab8bd4edab3b45b5f",0.514,0.79,-3.895,1,0.0599,0.429,0,0.123,0.42,206.033,4
"2014-02-21T20:54:20Z","163tK9Wjr9P9DmM0AVK7lm","Lorde","Pure Heroine",193058,FALSE,"3G6hD9B2ZHOsgf4WfNu7X1","Team",68,"https://i.scdn.co/image/f06f0658ccc185e6e884fe4af76b217c4fe478c7","https://p.scdn.co/mp3-preview/9d13646c2c824ed1673636c4576c47e25c3c41de",0.696,0.59,-7.428,1,0.0904,0.151,0,0.247,0.452,99.984,4
"2014-02-21T20:56:31Z","4UXqAaa6dQYAk18Lv7PEgX","Fall Out Boy","Save Rock And Roll",186826,FALSE,"7s0lDK7y3XLmI7tcsRAbW0","My Songs Know What You Did In The Dark (Light Em Up)",72,"https://i.scdn.co/image/e569c484377493bf8455b2b779d8f2189838c22f","https://p.scdn.co/mp3-preview/449e02b00f71906b66e271f22f10617d505c75bb",0.561,0.927,-4.374,0,0.0619,0.0313,2.34e-05,0.529,0.562,152.011,4
"2014-02-21T20:56:41Z","16oZKvXb6WkQlVAjwo2Wbg","The Lumineers","The Lumineers",161226,FALSE,"1jdNcAD8Ir58RlsdGjJJdx","Ho Hey",72,"https://i.scdn.co/image/85837f23f23d9c203476587661bd1d10d1176146","https://p.scdn.co/mp3-preview/a6b5a59893b2655ee74e63e649a6c0538e42b668",0.685,0.474,-9.105,1,0.0313,0.779,1.23e-06,0.149,0.366,79.991,4
"2014-02-21T21:03:45Z","163tK9Wjr9P9DmM0AVK7lm","Lorde","Pure Heroine",198907,FALSE,"74fpNVAJrKGQuqHETi4WSt","Tennis Court",65,"https://i.scdn.co/image/f06f0658ccc185e6e884fe4af76b217c4fe478c7","https://p.scdn.co/mp3-preview/77dc0082c07ace25181fe8f488dadd78299ee281",0.764,0.547,-8.6,1,0.0576,0.0175,0.000161,0.23,0.404,89.993,4
"2014-02-21T21:04:12Z","1moxjboGR7GNWYIMWsRjgG","Florence + The Machine","Lungs (Deluxe Edition)",251840,FALSE,"1YLJVmuzeM2YSUkCCaTNUB","Dog Days Are Over",70,"https://i.scdn.co/image/02ccf381a812869d3843e79ea73cfaf6eaeb87ad","https://p.scdn.co/mp3-preview/39beff980e24f934e3229dc7c8a38a74eb4a68c4",0.504,0.812,-5.316,1,0.0911,0.059,0.000526,0.119,0.331,150.11,4
"2014-02-21T21:04:33Z","1moxjboGR7GNWYIMWsRjgG","Florence + The Machine","Breath Of Life",248459,FALSE,"7jSJLFKyGGXaqSE5QB69qf","Breath Of Life",50,"https://i.scdn.co/image/dd66f1dd5f11c4e2fea1403f605076430ccb32cb","https://p.scdn.co/mp3-preview/3a102d640bff88184cdb1a17f13c7770e0ab10be",0.466,0.779,-7.379,1,0.0423,0.00198,0.00119,0.104,0.265,146.114,4
"2014-02-21T21:04:47Z","1moxjboGR7GNWYIMWsRjgG","Florence + The Machine","Lungs (Deluxe Edition)",255133,FALSE,"0CSTvWUps1YmpQoXXay9ol","Cosmic Love",61,"https://i.scdn.co/image/02ccf381a812869d3843e79ea73cfaf6eaeb87ad","https://p.scdn.co/mp3-preview/5bfdf802e9f380c6d02f4fdaa94f495c5de522a5",0.516,0.804,-5.488,0,0.0375,0.153,0.000456,0.111,0.111,140.045,4
"2014-02-21T21:05:25Z","23zg3TcAtWQy7J6upgbUnj","Usher","Confessions",250373,FALSE,"5rb9QrpfcKFHM1EUbSIurX","Yeah!",77,"https://i.scdn.co/image/ee33bfb1fa9d9131f72fd261b31a341ee4f7f63a","https://p.scdn.co/mp3-preview/8a5e4f8dce6b1a957e235185a4677841fcaafe90",0.894,0.791,-4.699,1,0.112,0.0183,0,0.0388,0.594,105.018,4
"2014-02-21T21:07:32Z","1yxSLGMDHlW21z4YXirZDS","The Black Eyed Peas","THE E.N.D. (THE ENERGY NEVER DIES)",289133,FALSE,"4vp2J1l5RD4gMZwGFLfRAu","I Gotta Feeling",66,"https://i.scdn.co/image/87662643aedb0983840c2072a2c1c19801c97c02","https://p.scdn.co/mp3-preview/e7ec841b64d6101eff6e20fb69f8b540927f9207",0.742,0.755,-6.322,1,0.0269,0.0926,0,0.438,0.63,127.953,4
"2014-02-21T21:07:32Z","1yxSLGMDHlW21z4YXirZDS","The Black Eyed Peas","THE E.N.D. (THE ENERGY NEVER DIES)",289133,FALSE,"4vp2J1l5RD4gMZwGFLfRAu","I Gotta Feeling",66,"https://i.scdn.co/image/87662643aedb0983840c2072a2c1c19801c97c02","https://p.scdn.co/mp3-preview/e7ec841b64d6101eff6e20fb69f8b540927f9207",0.742,0.755,-6.322,1,0.0269,0.0926,0,0.438,0.63,127.953,4
"2014-02-22T17:27:01Z","1vCWHaC5f2uS3yhpwWbIA6","Avicii","Levels",199903,FALSE,"0JhKJg5ejeQ8jq89UQtnw8","Levels - Radio Edit",71,"https://i.scdn.co/image/499944b2dcfed2a47411edf17aa9c1b486ae9f05","https://p.scdn.co/mp3-preview/20af8f6251f447bc78e042773950545f097ab18c",0.62,0.881,-5.851,0,0.0372,0.0585,0.714,0.311,0.42,126.035,4
"2014-02-22T17:50:46Z","7CajNmpbOovFoOoasH2HaY","Calvin Harris","18 Months",234506,FALSE,"05SBRd4fXgn8FX7bf8BCAE","I Need Your Love",74,"https://i.scdn.co/image/c5a2104407d044f4566a0554c364fa9da58414e6","https://p.scdn.co/mp3-preview/40c1150a43b8c93b53e8873207b64368c8b36eac",0.695,0.869,-5.066,1,0.0483,0.41,0,0.237,0.572,124.989,4
"2014-02-22T17:50:46Z","7CajNmpbOovFoOoasH2HaY","Calvin Harris","18 Months",234506,FALSE,"05SBRd4fXgn8FX7bf8BCAE","I Need Your Love",74,"https://i.scdn.co/image/c5a2104407d044f4566a0554c364fa9da58414e6","https://p.scdn.co/mp3-preview/40c1150a43b8c93b53e8873207b64368c8b36eac",0.695,0.869,-5.066,1,0.0483,0.41,0,0.237,0.572,124.989,4
"2014-02-22T19:10:02Z","6jJ0s89eD6GaHleKKya26X","Katy Perry","PRISM (Deluxe)",215672,FALSE,"5jrdCoLpJSvHHorevXBATy","Dark Horse",74,"https://i.scdn.co/image/ee13dcee65631efaaf01a4d0a68cb8d4401130c9","https://p.scdn.co/mp3-preview/53de5f07fbcd09c2a14beb9cf8e5a15371078e98",0.646,0.587,-6.139,1,0.0528,0.00403,0,0.145,0.345,131.932,4
"2014-02-25T23:03:21Z","1yxSLGMDHlW21z4YXirZDS","The Black Eyed Peas","THE E.N.D. (THE ENERGY NEVER DIES)",289133,FALSE,"4vp2J1l5RD4gMZwGFLfRAu","I Gotta Feeling",66,"https://i.scdn.co/image/87662643aedb0983840c2072a2c1c19801c97c02","https://p.scdn.co/mp3-preview/e7ec841b64d6101eff6e20fb69f8b540927f9207",0.742,0.755,-6.322,1,0.0269,0.0926,0,0.438,0.63,127.953,4
"2014-02-25T23:03:21Z","1yxSLGMDHlW21z4YXirZDS","The Black Eyed Peas","THE E.N.D. (THE ENERGY NEVER DIES)",289133,FALSE,"4vp2J1l5RD4gMZwGFLfRAu","I Gotta Feeling",66,"https://i.scdn.co/image/87662643aedb0983840c2072a2c1c19801c97c02","https://p.scdn.co/mp3-preview/e7ec841b64d6101eff6e20fb69f8b540927f9207",0.742,0.755,-6.322,1,0.0269,0.0926,0,0.438,0.63,127.953,4
"2014-02-25T23:03:26Z","1yxSLGMDHlW21z4YXirZDS","The Black Eyed Peas","Monkey Business/Elephunk",326960,FALSE,"4KCjaHCQMIyi0x1sTTQV2j","My Humps",3,"https://i.scdn.co/image/bdee8ec2955bf89c9aa6bfd9a182c8b14ca38760",NA,0.802,0.687,-6.05,1,0.222,0.113,3.85e-06,0.11,0.586,123.935,4
"2014-02-25T23:03:31Z","1yxSLGMDHlW21z4YXirZDS","The Black Eyed Peas","The Beginning & The Best Of The E.N.D.",251426,FALSE,"5MeZ3VxmtSv1O8PcekvLTn","Boom Boom Pow",60,"https://i.scdn.co/image/f1de315f8f3e573d540295dd8ade9dac2410cc14","https://p.scdn.co/mp3-preview/7ef24ffb1cf90a2ff0c1b94755c2f645f41b1925",0.868,0.848,-6.049,1,0.0922,0.151,0.000843,0.136,0.345,130.115,4
"2014-02-25T23:03:37Z","1yxSLGMDHlW21z4YXirZDS","The Black Eyed Peas","The Beginning (Deluxe)",307640,FALSE,"7vWFaMq63AwkFDhS2OAg5u","The Time (Dirty Bit)",54,"https://i.scdn.co/image/f1de315f8f3e573d540295dd8ade9dac2410cc14","https://p.scdn.co/mp3-preview/6e13c600fdc799910602d3dbe5c796009d18079a",0.829,0.798,-7.808,0,0.0776,0.0782,3.78e-06,0.59,0.469,127.991,4
"2014-02-25T23:03:43Z","1yxSLGMDHlW21z4YXirZDS","The Black Eyed Peas","THE E.N.D. (THE ENERGY NEVER DIES)",257560,FALSE,"5OiLJ8tjUPFiPX2gVM8fxJ","Imma Be",58,"https://i.scdn.co/image/87662643aedb0983840c2072a2c1c19801c97c02","https://p.scdn.co/mp3-preview/fbcf1f3d4cb234af8ab015b2a9e675eee7d52e01",0.655,0.529,-6.887,1,0.441,0.198,0,0.248,0.38,122.071,4
"2014-02-25T23:06:04Z","5K4W6rqBFWDnAN6FQUkS6x","Kanye West","Graduation (Explicit Version)",311866,TRUE,"6C7RJEIUDqKkJRZVWdkfkH","Stronger",75,"https://i.scdn.co/image/01bb4663dcfa3b8b4fd405ef493dfe447805aa57","https://p.scdn.co/mp3-preview/4aef57f41599d325d774bd92bcfdae896581e2f9",0.625,0.726,-7.731,0,0.155,0.00728,0,0.318,0.479,103.98,4
"2014-02-25T23:06:44Z","5K4W6rqBFWDnAN6FQUkS6x","Kanye West","Late Registration (Edited Version)",207626,FALSE,"43PBE5b3RJgwfi1i9xKtEs","Gold Digger - Album Version (Edited)",45,"https://i.scdn.co/image/665c57029eeb145bf8fb49fae8755049f4241812","https://p.scdn.co/mp3-preview/7102a51bb0eb32e6335cb6c706fb6291736af4b4",0.673,0.666,-6.063,0,0.356,0.0174,0,0.0724,0.602,92.505,4
"2014-02-25T23:07:28Z","5K4W6rqBFWDnAN6FQUkS6x","Kanye West","The Bling Ring: Original Motion Picture Soundtrack",292560,TRUE,"4c0AqzYbkRpF79NN4ex5e9","POWER",29,"https://i.scdn.co/image/912d45e4166fc29c429dcc213e6c009790e7d134","https://p.scdn.co/mp3-preview/0c6a5fea68150d76823f152ca189976ed6c3bf1d",0.546,0.914,-5.986,0,0.145,0.0363,0,0.82,0.575,153.995,4
"2014-02-25T23:08:20Z","4UXqAaa6dQYAk18Lv7PEgX","Fall Out Boy","My Songs Know What You Did In The Dark (Light Em Up) [2 Chainz Remix]",210520,FALSE,"1n40nMkTM6cOMf6fhpeQtI","My Songs Know What You Did In The Dark (Light Em Up) - 2 Chainz Remix",41,"https://i.scdn.co/image/5b5c74d950e2dfe03d2aa95e46e82d8a55218b86","https://p.scdn.co/mp3-preview/c03cfc80047bcf4fe3db9b24313ded07ff1cf21f",0.638,0.892,-3.883,0,0.0655,0.334,7.58e-06,0.368,0.593,151.985,4
"2014-02-25T23:08:39Z","3b8QkneNDz4JHKKKlLgYZg","Florida Georgia Line","Cruise (Remix)",206813,FALSE,"2z8OXShNGUgRitHyO3GuYG","Cruise - Remix",59,"https://i.scdn.co/image/3758849c9ded50448628209deccdd88c1113be5c","https://p.scdn.co/mp3-preview/bb7edf344b87d26d609a64677465adc9febaffb7",0.527,0.917,-4.028,0,0.0823,0.0178,0,0.739,0.638,148.984,4
"2014-02-25T23:09:09Z","2DnqqkzzDKm3vAoyHtn8So","Uncle Kracker","No Stranger To Shame",255560,FALSE,"0RFgvrhkf9FiDRLA0BhzpZ","Drift Away",61,"https://i.scdn.co/image/920efb9976775142fb70067826051399b7f6e672","https://p.scdn.co/mp3-preview/70de6989fcebb7c192697b93204766425bff9a0b",0.583,0.66,-5.078,1,0.0377,0.181,0,0.0979,0.858,151.956,4
"2014-02-25T23:09:51Z","2DnqqkzzDKm3vAoyHtn8So","Uncle Kracker","Double Wide",215133,FALSE,"6fi81GjzupRCDk7RYHt7bh","Follow Me",35,"https://i.scdn.co/image/ae573d68888b582fd30a9b4ec40790be77c2963c","https://p.scdn.co/mp3-preview/c0a590479d42086dcbb978f6acf860cf851cc5ae",0.881,0.58,-5.39,1,0.032,0.406,0,0.113,0.963,105.01,4
"2014-02-26T01:30:43Z","26AHtbjWKiwYzsoGoUZq53","Pentatonix","PTX, Vol. 2",181333,FALSE,"02ZuHfnEvUMpPCIcCowUhu","Hey Momma / Hit the Road Jack",1,"https://i.scdn.co/image/aadc9ce810a5eac80baf4bc4cbe2836e9cb6531f",NA,0.569,0.767,-7.235,1,0.433,0.0214,1.74e-05,0.0747,0.679,203.068,4
"2014-02-26T01:31:10Z","26AHtbjWKiwYzsoGoUZq53","Pentatonix","PTX, Vol. 2",248560,FALSE,"0ZcQOiC7vC7jSCHs9shMtj","Daft Punk",7,"https://i.scdn.co/image/aadc9ce810a5eac80baf4bc4cbe2836e9cb6531f",NA,0.717,0.621,-7.588,0,0.0605,0.00403,0,0.144,0.721,133.014,4
"2014-02-26T01:31:16Z","26AHtbjWKiwYzsoGoUZq53","Pentatonix","PTX, Vol. 2",172466,FALSE,"5YrtgdqeCgcOu9m0dliQs6","I Need Your Love",1,"https://i.scdn.co/image/aadc9ce810a5eac80baf4bc4cbe2836e9cb6531f",NA,0.577,0.634,-6.99,0,0.0689,0.00319,1.85e-06,0.0741,0.303,125.534,4
"2014-02-26T01:31:21Z","26AHtbjWKiwYzsoGoUZq53","Pentatonix","PTX, Vol. 2",198040,FALSE,"3BPQw59uEsKpYnGNvM9gbg","Can't Hold Us",2,"https://i.scdn.co/image/aadc9ce810a5eac80baf4bc4cbe2836e9cb6531f",NA,0.657,0.852,-6.186,0,0.121,0.0128,0,0.366,0.806,143.004,4
"2014-02-26T01:31:27Z","26AHtbjWKiwYzsoGoUZq53","Pentatonix","PTX, Vol. 2",265893,FALSE,"5SzDZJAxd49lckDqJpADTj","Run to You",0,"https://i.scdn.co/image/aadc9ce810a5eac80baf4bc4cbe2836e9cb6531f",NA,0.24,0.0622,-10.022,1,0.0327,0.857,0,0.104,0.167,85.502,1
"2014-02-28T15:57:00Z","2DlGxzQSjYe5N6G9nkYghR","Jennifer Lopez","On The Floor",230906,FALSE,"0Oe49j06Bjrxs8PltuVeaW","On The Floor",62,"https://i.scdn.co/image/24f18295ab2bc789aa1ad53180a315af6efa60eb","https://p.scdn.co/mp3-preview/1860a26c5584c1c87c34ad10055b98e56d77caaa",0.763,0.679,-6.299,1,0.0981,0.0905,0.000553,0.0949,0.451,129.997,4
"2014-02-28T16:24:37Z","0EmeFodog0BfCgMzAIvKQp","Shakira","Waka Waka (This Time for Africa) (The Official 2010 FIFA World Cup (TM) Song)",202626,FALSE,"2Cd9iWfcOpGDHLz6tVA3G4","Waka Waka (This Time for Africa) (The Official 2010 FIFA World Cup (TM) Song)",73,"https://i.scdn.co/image/17c44514378aaf9449ff299170c5eb2eeaf8df9b","https://p.scdn.co/mp3-preview/f01830f7be6c8b654d44c8f7a1f1d06756ab920f",0.766,0.873,-6.381,0,0.143,0.00627,0,0.0764,0.727,126.988,4
"2014-03-21T16:45:27Z","1h6Cn3P4NGzXbaXidqURXs","Swedish House Mafia","Don't You Worry Child (feat. John Martin)",212862,FALSE,"2V65y3PX4DkRhy1djlxd9p","Don't You Worry Child (Radio Edit) [feat. John Martin]",78,"https://i.scdn.co/image/2db5453066e4755efaff8d32a6a672072ac62c7f","https://p.scdn.co/mp3-preview/b97ca9ebebb1005496cbea42661c5546edf25497",0.612,0.84,-3.145,0,0.0509,0.112,0,0.116,0.441,129.042,4
"2014-03-21T16:45:44Z","1h6Cn3P4NGzXbaXidqURXs","Swedish House Mafia","Save The World",213337,FALSE,"65hRZOQkVjmBdusz1N7aOv","Save the World - Radio Mix",66,"https://i.scdn.co/image/dd4960fcfab4a3f620aaa698f4794e7c8b7b1de1","https://p.scdn.co/mp3-preview/6ad3d06de6a1daa3b083c9631caa758973f606aa",0.507,0.665,-7.598,1,0.0474,0.0144,0,0.0759,0.406,126.879,4
"2014-03-21T17:05:13Z","0SfsnGyD8FpIN4U4WCkBZ5","Armin van Buuren","This Is What It Feels Like",203306,FALSE,"6NdkzOSCLzmyV9Qc4DKhJ2","This Is What It Feels Like",64,"https://i.scdn.co/image/3b8d80043c590efa27c30abc0fc7dc77d2500b92","https://p.scdn.co/mp3-preview/c82b3e3d66c9643e9df4bdf1c2facda1f79b354b",0.551,0.827,-5.369,1,0.03,0.109,2.1e-06,0.0772,0.171,129.899,5
"2014-03-21T17:15:04Z","0p4nmQO2msCgU4IF37Wi3j","Avril Lavigne","Avril Lavigne",214293,FALSE,"5FpSoQU1qgeOwNfMFxTi2t","Here's to Never Growing Up",29,"https://i.scdn.co/image/220cd00f9e63e284c45a2af524ff32ebc336b354","https://p.scdn.co/mp3-preview/a2feef919e8dd453e33a1787714f9167d734056a",0.486,0.869,-3.188,1,0.113,0.0147,0,0.44,0.695,164.942,4
"2014-03-21T17:16:20Z","1pbHrVayIcVpHI9z97u4bK","Bingo Players","Get Up (Rattle)",166760,FALSE,"1zYsvExrADZ5L7Epqd5J6D","Get Up (Rattle)",54,"https://i.scdn.co/image/ff5372fcd52e7975fbc26a8d7a51b3409bc31242","https://p.scdn.co/mp3-preview/1858445e442e02204968485b0252de4bbf1662bd",0.797,0.98,-2.709,1,0.0646,0.021,4.11e-06,0.246,0.77,127.975,4
"2014-03-21T17:18:04Z","0du5cEVh5yTK9QJze8zA0C","Bruno Mars","Unorthodox Jukebox",233478,FALSE,"3w3y8KPTfNeOKPiqUTakBh","Locked Out Of Heaven",80,"https://i.scdn.co/image/da39a8f80539ea048011ee3aa59f4066659290ea","https://p.scdn.co/mp3-preview/c647489f28d840b545b90e10067012f504dc7b68",0.726,0.698,-4.165,1,0.0431,0.049,0,0.309,0.871,143.994,4
"2014-03-21T17:18:35Z","0du5cEVh5yTK9QJze8zA0C","Bruno Mars","Unorthodox Jukebox",176093,FALSE,"1GDrGx9VWaAgaekuddnLYq","Treasure",49,"https://i.scdn.co/image/d6fbc154e300d169d91127a9efdb5f9ce5ef956e","https://p.scdn.co/mp3-preview/3dd958144f747ae45c51d1c1f600f055b09dca40",0.872,0.699,-5.071,0,0.0349,0.0291,0.000121,0.0639,0.926,116.033,4
"2014-03-21T17:21:03Z","7CajNmpbOovFoOoasH2HaY","Calvin Harris","18 Months",234506,FALSE,"05SBRd4fXgn8FX7bf8BCAE","I Need Your Love",74,"https://i.scdn.co/image/c5a2104407d044f4566a0554c364fa9da58414e6","https://p.scdn.co/mp3-preview/40c1150a43b8c93b53e8873207b64368c8b36eac",0.695,0.869,-5.066,1,0.0483,0.41,0,0.237,0.572,124.989,4
"2014-03-21T17:21:03Z","7CajNmpbOovFoOoasH2HaY","Calvin Harris","18 Months",234506,FALSE,"05SBRd4fXgn8FX7bf8BCAE","I Need Your Love",74,"https://i.scdn.co/image/c5a2104407d044f4566a0554c364fa9da58414e6","https://p.scdn.co/mp3-preview/40c1150a43b8c93b53e8873207b64368c8b36eac",0.695,0.869,-5.066,1,0.0483,0.41,0,0.237,0.572,124.989,4
"2014-03-21T17:21:35Z","6S2OmqARrzebs0tKUEyXyp","Demi Lovato","Heart Attack",211533,FALSE,"25n4NECujqOxQHdXVIVc9I","Heart Attack",51,"https://i.scdn.co/image/b8b883ce8a038d456f2c6dd01c5d6a3ee5b09022","https://p.scdn.co/mp3-preview/de10ae66e563f86cb755c635c6bee0b7c5bc6451",0.503,0.788,-4.767,1,0.0724,0.0761,0,0.275,0.554,173.92,4
"2014-03-21T17:28:24Z","53XhwfbYqKCa1cC15pYq2q","Imagine Dragons","Night Visions",175200,FALSE,"3LlAyCYU26dvFZBDUIMb7a","Demons",74,"https://i.scdn.co/image/443609cd35e43c7bdb272b3d1d9e80290e128bc5","https://p.scdn.co/mp3-preview/bbfe0c3fff044a7cfd9c020a1320e9fb334029e7",0.499,0.73,-2.831,1,0.0367,0.23,0.00018,0.378,0.339,90.058,4
"2014-03-21T17:28:28Z","53XhwfbYqKCa1cC15pYq2q","Imagine Dragons","Night Visions",186813,FALSE,"4G8gkOterJn0Ywt6uhqbhp","Radioactive",75,"https://i.scdn.co/image/443609cd35e43c7bdb272b3d1d9e80290e128bc5","https://p.scdn.co/mp3-preview/dacdf4edb5a64943dbeef11a1d19ae62c9686208",0.478,0.799,-3.614,1,0.0638,0.126,0.000106,0.76,0.201,136.268,4
"2014-03-21T17:28:40Z","53XhwfbYqKCa1cC15pYq2q","Imagine Dragons","Night Visions (Deluxe)",189840,FALSE,"6KuHjfXHkfnIjdmcIvt9r0","On Top Of The World",66,"https://i.scdn.co/image/443609cd35e43c7bdb272b3d1d9e80290e128bc5","https://p.scdn.co/mp3-preview/65316b501868f0efd9995a323fcca46c70fffd7f",0.64,0.924,-5.577,1,0.185,0.0894,3.92e-06,0.0971,0.773,99.959,4
"2014-03-21T17:28:46Z","53XhwfbYqKCa1cC15pYq2q","Imagine Dragons","Night Visions",237986,FALSE,"6BtmXhTJMM9sBTHeYYASGz","It's Time",66,"https://i.scdn.co/image/443609cd35e43c7bdb272b3d1d9e80290e128bc5","https://p.scdn.co/mp3-preview/a4027db5ae1557e74c58232e5948d7a0156b9bd2",0.656,0.879,-4.614,1,0.0362,0.0178,0,0.109,0.902,104.997,4
"2014-03-21T17:29:39Z","07YZf4WDAMNwqr4jfgOZ8y","Jason Derulo","Tattoos EP",226986,FALSE,"0VQMpdthIjTw48dTpJFnUV","The Other Side",25,"https://i.scdn.co/image/54853a31a975a8394df64ca77a70bfc262212364","https://p.scdn.co/mp3-preview/4ab3ae100481bfd9b347f29a915a357b2a43994f",0.561,0.836,-3.939,1,0.1,0.0525,0,0.136,0.516,127.923,4
"2014-03-21T17:30:14Z","31TPClRtHm23RisEBtV3X7","Justin Timberlake","The 20/20 Experience",326280,FALSE,"6dEnpbXyamib2EJnRhTt0G","Suit & Tie",61,"https://i.scdn.co/image/25d8e65d6bdd9b2120c3b449eb1a47f5131937ae","https://p.scdn.co/mp3-preview/2744b13afca5b0b22439b7d49d3505364c5735d1",0.795,0.596,-3.799,0,0.219,0.103,0,0.164,0.361,101.985,4
"2014-03-21T17:31:53Z","3BmGtnKgCSGYIUhmivXKWX","Kelly Clarkson","Catch My Breath",251506,FALSE,"7kAYyzVhWr3nSqAC7CUOWK","Catch My Breath",44,"https://i.scdn.co/image/9ecd5af0a73a41d470ebe7923cf3b450c2c82f60","https://p.scdn.co/mp3-preview/3a33e706f5d21204a6a849cfa64b560c89f4e8cc",0.691,0.946,-3.221,1,0.0678,0.0259,0,0.0897,0.515,124.021,4
"2014-03-21T17:36:36Z","0Cd6nHYwecCNM1sVEXKlYr","Krewella","Play Hard EP",290760,FALSE,"2SHnUyZq0zwmvRIl4WY77G","Alive",62,"https://i.scdn.co/image/976e0c705d4d57a3d7897f47eb6ce033ba6a390c","https://p.scdn.co/mp3-preview/e1ae65aaf22fbca081c26b4b048a6e7c873f2870",0.663,0.822,-2.909,1,0.0557,0.00413,0.00318,0.234,0.566,128.002,4
"2014-03-21T17:40:07Z","5BcAKTbp20cv7tC5VqPFoC","Macklemore & Ryan Lewis","The Heist",258342,FALSE,"3bidbhpOYeV4knp8AIu8Xn","Can't Hold Us - feat. Ray Dalton",82,"https://i.scdn.co/image/410191f75b2d2d48adb5a5d80d2acd09f811ff47","https://p.scdn.co/mp3-preview/1f826380a449ec9a8bae45967d908fffd7ff5222",0.641,0.922,-4.457,1,0.0786,0.0291,0,0.0862,0.85,146.078,4
"2014-03-21T17:40:19Z","04gDigrS5kc9YWfZHwBETP","Maroon 5","Overexposed (Deluxe)",225306,FALSE,"6TwfdLbaxTKzQi3AgsZNzx","Daylight",52,"https://i.scdn.co/image/37b459258fec07bd76b6b9ec142e504925764fe9","https://p.scdn.co/mp3-preview/bd1880750e4b82dd94241af2ecf2aeafacfa99f6",0.658,0.651,-5.482,1,0.0271,0.00344,0,0.218,0.385,119.991,4
"2014-03-21T17:40:46Z","04gDigrS5kc9YWfZHwBETP","Maroon 5","Overexposed (Deluxe)",229813,FALSE,"0HnaqUxvHP5LaWdmWwJpiS","Love Somebody",55,"https://i.scdn.co/image/37b459258fec07bd76b6b9ec142e504925764fe9","https://p.scdn.co/mp3-preview/ef934b3cf7fce697061ed11fda8cd5fd7999bb80",0.675,0.764,-6.243,1,0.0373,0.142,0,0.117,0.477,120.009,4
"2014-10-28T03:59:52Z","5Z22vlK4DCgDrQgBEqfc8w","Kristinia DeBarge","Exposed (Deluxe Edition)",208133,FALSE,"5myYDbAurm1CW038qd4gL2","Goodbye",44,"https://i.scdn.co/image/18bfc80e585c652a3db8ed90aa9729473fa32328","https://p.scdn.co/mp3-preview/7f84280229644db94ecfcec9be67aea3196e813c",0.788,0.815,-3.168,0,0.0461,0.00492,3.84e-06,0.232,0.662,119.986,4
"2014-12-06T19:08:45Z","26AHtbjWKiwYzsoGoUZq53","Pentatonix","Radioactive",228000,FALSE,"6vGVf8K3ri7VfkCj6PtZRy","Radioactive",63,"https://i.scdn.co/image/c92e40ad0a8c47c009bc24b93564c868e93ad3a3","https://p.scdn.co/mp3-preview/9d620430403c2e93fdc5f6ed52e73f347c44a61c",0.497,0.6,-7.677,1,0.0721,0.504,0,0.265,0.446,134.993,4
"2015-02-21T17:33:03Z","0C8ZW7ezQVs4URX5aX7Kqx","Selena Gomez","Come & Get It",231733,FALSE,"7Gkphzdh5ouurEt7JT49Yu","Come & Get It",63,"https://i.scdn.co/image/c48c7b07dc1cbdb9eb9e5e82a4c30f42d04336c1","https://p.scdn.co/mp3-preview/5047003a3b817aabc6d135e938664df2ca029a6b",0.523,0.792,-4.125,0,0.0512,0.00946,0.000108,0.0639,0.576,80.142,4
"2015-03-12T01:08:59Z","3hv9jJF3adDNsBSIQDqcjp","Mark Ronson","Uptown Special",269666,FALSE,"32OlwWuMpZ6b0aN2RZOeMS","Uptown Funk",84,"https://i.scdn.co/image/77469465db1f618941285359fc3596601859566b","https://p.scdn.co/mp3-preview/88a794d97fcb4475f72a27be7baf71b94d5a9dda",0.856,0.609,-7.223,1,0.0824,0.00801,8.15e-05,0.0344,0.932,114.988,4
"2015-03-13T17:52:45Z","5GMZzcgmUwopsHBB7TyCsy","The Wind and The Wave","Covers One",248706,FALSE,"0Z7Rerb0vKr0HQ1vXTWvYe","Chandelier",44,"https://i.scdn.co/image/17f8e395295294588f4881ce7fbc82295729ac04","https://p.scdn.co/mp3-preview/103fcb3ee909ce5ef4223307346a115deb049483",0.385,0.403,-6.663,1,0.0366,0.753,0,0.217,0.491,103.196,5
"2015-06-03T14:10:09Z","2MuFzH1J5I6gGFYo2qhZmX","Ryn Weaver","OctaHate",206293,FALSE,"16tlhh3jNraThY2kgBlG4X","OctaHate",4,"https://i.scdn.co/image/4e5b3c7d1d9bac9f1dc8d00fb25921f26fafddf9",NA,0.636,0.657,-6.246,1,0.0422,0.601,1.26e-05,0.0986,0.393,80.027,4
"2015-06-03T14:13:20Z","4NHQUGzhtTLFvgF5SZesLK","Tove Lo","Queen Of The Clouds",238426,TRUE,"2tpfxAXiI52znho4WE3XFA","Talking Body",19,"https://i.scdn.co/image/6b591fd015c32ea53c5da0ad19fd9b25d0f252ce",NA,0.735,0.761,-5.459,0,0.0329,0.106,0,0.0772,0.109,120.008,4
"2015-06-03T14:37:56Z","53XhwfbYqKCa1cC15pYq2q","Imagine Dragons","I Bet My Life",192893,FALSE,"2Ex5M7OjJhkH38JvCUzwXR","I Bet My Life",53,"https://i.scdn.co/image/c2dc59f0ddeefea309a495cbd26ed5c9e7f5b0a4","https://p.scdn.co/mp3-preview/336fc46e8d39a866da1cf83c837c937d28126c69",0.564,0.675,-8.035,1,0.0394,0.183,0.000371,0.347,0.545,108.072,4
"2015-06-03T14:50:54Z","10exVja0key0uqUkk6LJRT","Vance Joy","Dream Your Life Away",223640,FALSE,"7BVwi9cIzSc6tpyxsp47vJ","Mess Is Mine",68,"https://i.scdn.co/image/3dccdf48efe6a17e2f0f091a9d6b3391dd86c6a5","https://p.scdn.co/mp3-preview/0bb48304530e1d8b5ad0f7e96c3c0064a7ba10dd",0.595,0.723,-8.256,1,0.0349,0.047,0.0286,0.0995,0.267,108.043,1
"2015-06-03T14:51:55Z","4AcHt3JxKy59IX7JNNlZn4","Fitz and The Tantrums","More Than Just A Dream (Deluxe)",209386,FALSE,"2AYEOC02WLhUiOoaig2SEH","Out Of My League",58,"https://i.scdn.co/image/bb2cfafed49c51874791b0a469c6c1e151691a46","https://p.scdn.co/mp3-preview/454dfd2b54dad6440f49d6aa43557849f2480bd0",0.545,0.968,-3.553,0,0.0853,0.0387,0.00325,0.331,0.533,169.965,4
"2015-06-03T14:52:02Z","4AcHt3JxKy59IX7JNNlZn4","Fitz and The Tantrums","More Than Just A Dream (Deluxe)",233133,FALSE,"0Nk7bSn0MItonkR0GNs3mj","The Walker",63,"https://i.scdn.co/image/bb2cfafed49c51874791b0a469c6c1e151691a46","https://p.scdn.co/mp3-preview/abc2b46777cdce1b1f050171cff9a738bce8e7d9",0.77,0.801,-4.182,0,0.0336,0.00375,0.00281,0.0515,0.743,130.76,4
"2015-06-03T14:55:50Z","5pKCCKE2ajJHZ9KAiaK11H","Rihanna","FourFiveSeconds",188238,FALSE,"78TTtXnFQPzwqlbtbwqN0y","FourFiveSeconds",74,"https://i.scdn.co/image/34b6203421f7d638d7a29656d5f1e6d6600a4773","https://p.scdn.co/mp3-preview/1fae71ff6675b0a8986c982b4679da978e174870",0.576,0.267,-5.668,1,0.044,0.878,0,0.119,0.318,205.888,4
"2015-06-03T14:56:25Z","5WUlDfRSoLAfcVSX1WnrxN","Sia","1000 Forms Of Fear",216120,FALSE,"4VrWlk8IQxevMvERoX08iC","Chandelier",83,"https://i.scdn.co/image/03d97de27e99fd8099506ea172531cea0da59654","https://p.scdn.co/mp3-preview/f1898cf5fd5640d4f0d7faafa6c572fc29db3db6",0.399,0.787,-2.88,1,0.0499,0.0197,6.07e-05,0.0685,0.574,117.089,5
"2015-06-07T16:00:07Z","13YmWQJFwgZrd4bf5IjMY4","Brad Paisley","Part II",304400,FALSE,"1jXwAcva0xhC09Vc1hf4pF","You'll Never Leave Harlan Alive",44,"https://i.scdn.co/image/de644198e3af4760257216701f9bff0d6987466b","https://p.scdn.co/mp3-preview/90f82fe6c61ad9eec1927d7daa5d26ecc39665a6",0.544,0.301,-11.091,0,0.0352,0.468,0,0.127,0.226,73.322,4
"2015-06-11T13:30:24Z","4gzpq5DPGxSnKTe4SA8HAU","Coldplay","Ghost Stories",268466,FALSE,"0FDzzruyVECATHXKHFs9eJ","A Sky Full of Stars",81,"https://i.scdn.co/image/6218fc701d5c6e66c200f29b57fc4cd5f979313f","https://p.scdn.co/mp3-preview/dca7402083b8dbf0e2a5e91f49eb76bde94cd493",0.551,0.636,-7.125,1,0.0281,0.00713,0.00203,0.217,0.163,124.996,4
"2015-06-11T13:32:10Z","0MlOPi3zIDMVrfA9R04Fe3","American Authors","Oh, What A Life",194240,FALSE,"5Hroj5K7vLpIG4FNCRIjbP","Best Day Of My Life",69,"https://i.scdn.co/image/92f219a25a075facb0510a9afaf3994baa0896d7","https://p.scdn.co/mp3-preview/562b81466914e774cede6980e5fa79fbd4da1dd1",0.673,0.902,-2.378,1,0.0347,0.0629,0.000174,0.0552,0.53,100.016,4
"2015-06-11T13:47:08Z","1PbBg2aYjWLKRk84zJK15x","Echosmith","Talking Dreams (Deluxe Version)",237626,FALSE,"13P5rwmk2EsoFRIz9UCeh9","Cool Kids",75,"https://i.scdn.co/image/e0cff5c6f0782b007472042f33f7daecf83b17de","https://p.scdn.co/mp3-preview/27df0a89036135748fd03fb67114abeb00c529a4",0.719,0.671,-6.279,1,0.0336,0.0372,8.21e-06,0.12,0.794,130.027,4
"2015-06-11T13:59:11Z","3bhu7P5PfngueRHiB9hjcx","Elle King","Love Stuff",202173,FALSE,"70eDxAyAraNTiD6lx2ZEnH","Ex's & Oh's",79,"https://i.scdn.co/image/47bf995adcbcc016d6d19ac06ee6aefd2f76982f","https://p.scdn.co/mp3-preview/3aa3f3fd31bbc1d252bb916c140bbaa5baed45f6",0.612,0.921,-2.879,1,0.0848,0.0183,0,0.0576,0.44,139.986,4
"2015-06-11T14:23:59Z","4EzkuveR9pLvDVFNx6foYD","James Bay","Chaos And The Calm",238746,FALSE,"7tmtOEDxPN7CWaQWBsG1DY","Hold Back The River",72,"https://i.scdn.co/image/80cce6b1bb492fd45ddb26a81c79959527d98a63","https://p.scdn.co/mp3-preview/ad3e484194cc6935f09744b6c1e079a823da6061",0.718,0.702,-7.292,1,0.0862,0.0523,0,0.0966,0.538,134.979,4
"2015-06-11T15:05:46Z","4UXqAaa6dQYAk18Lv7PEgX","Fall Out Boy","American Beauty/American Psycho",189386,FALSE,"3Te8uLyit6X3ncNW8Fp3K2","Immortals",69,"https://i.scdn.co/image/e60f28b3f68f9cc63fc7df1ff04f934888fa2081","https://p.scdn.co/mp3-preview/93600168e2f643ee903f60ba9a1b1e9fe6a3bf39",0.613,0.874,-3.594,1,0.0697,0.00139,1.82e-06,0.656,0.532,108.038,4
"2015-06-19T13:33:46Z","1moxjboGR7GNWYIMWsRjgG","Florence + The Machine","How Big, How Blue, How Beautiful (Deluxe)",293468,FALSE,"0fgSfUAnuJzzB8l8MdgRZg","Delilah",57,"https://i.scdn.co/image/3e4bb24f0e59cc4e9c5bf24ee1aad3f54ce5a14d","https://p.scdn.co/mp3-preview/7838451d12d58da5cc9db5d38a15b9c0a777c79b",0.433,0.871,-3.818,1,0.0613,0.102,0,0.137,0.435,169.897,4
"2015-06-19T15:56:51Z","1hzfo8twXdOegF3xireCYs","Milky Chance","Stolen Dance",311333,FALSE,"5tjrH5xrpkgKgYd8zQgU8X","Stolen Dance",68,"https://i.scdn.co/image/b1e8d5774ec4ab0627b3431d8eac1be380d8dbac","https://p.scdn.co/mp3-preview/fbb38f55bae38493d5a74f51a69f297c2f8a7d10",0.879,0.574,-8.794,1,0.037,0.405,0.00015,0.0913,0.682,114.001,4
"2015-06-19T16:24:39Z","4DBi4EYXgiqbkxvWUXUzMi","Old Crow Medicine Show","O.C.M.S.",232133,FALSE,"359krpyCKcFF8SFvqWES9L","Wagon Wheel",65,"https://i.scdn.co/image/357c6edf33ef92a4d4af4aed0d152ad1d62c6753","https://p.scdn.co/mp3-preview/1127ed3ae8310fda91be44e44b3c50cd5bf5e73d",0.621,0.403,-8.211,1,0.0359,0.58,0,0.114,0.643,145.525,4
"2015-06-19T16:31:34Z","4gzpq5DPGxSnKTe4SA8HAU","Coldplay","Mylo Xyloto",239215,FALSE,"4HXOBjwv2RnLpGG4xWOO6N","Princess of China",70,"https://i.scdn.co/image/e7a649b3890dc849e0f1597d6d12b4342e03ce5f","https://p.scdn.co/mp3-preview/1c9c585de24ee7948526813caefc054499180980",0.425,0.69,-6.221,1,0.0351,0.00385,0.0154,0.287,0.238,84.99,4
"2015-06-19T16:39:25Z","4Ui2kfOqGujY81UcPrb5KE","HAIM","Days Are Gone",245293,FALSE,"6golelYKuy85o3u0cxIxFK","The Wire",61,"https://i.scdn.co/image/7d97143036047e695f40070251d221ed9a6c0846","https://p.scdn.co/mp3-preview/478cc3176c98655885e16fa578cc77b04c20bdad",0.547,0.635,-5.569,1,0.137,0.0127,5.01e-06,0.0585,0.496,113.678,4
"2015-06-19T16:51:28Z","5WUlDfRSoLAfcVSX1WnrxN","Sia","1000 Forms Of Fear",257200,FALSE,"6kwAbEjseqBob48jCus7Sz","Elastic Heart",81,"https://i.scdn.co/image/03d97de27e99fd8099506ea172531cea0da59654","https://p.scdn.co/mp3-preview/210b2f8ae1a4c2ecd40673fc3a0095159d821d62",0.421,0.791,-4.998,1,0.0496,0.0117,1.48e-05,0.146,0.51,130.075,4
"2015-06-19T16:51:41Z","3gd8FJtBJtkRxdfbTu19U2","Mumford & Sons","Wilder Mind",278226,FALSE,"2R2f8j9YbaRTva04R4tDir","Wilder Mind",56,"https://i.scdn.co/image/845b1b00a56765fc73fff93058a0c22be3715dcf","https://p.scdn.co/mp3-preview/8219006c323707f5736e637cf5ae9e1db93a1b6e",0.516,0.731,-8.795,0,0.0376,0.132,0.289,0.12,0.563,157.952,4
"2015-06-24T00:31:54Z","26AHtbjWKiwYzsoGoUZq53","Pentatonix","PTX, Vol. III",148746,FALSE,"45h4cCw7ccsRXb0Orle2an","Problem",57,"https://i.scdn.co/image/98d755bd8fa1a7d3066a0375d8dd9f79eb498bd9","https://p.scdn.co/mp3-preview/9cf6dde193c2fbc6d965c0603715a7999f9273f7",0.72,0.632,-8.721,0,0.0785,0.13,5.92e-06,0.106,0.705,108.101,4
"2015-06-24T00:33:40Z","26AHtbjWKiwYzsoGoUZq53","Pentatonix","PTX, Vol. III",195426,FALSE,"3nnwdAKEwqglIgpdoWOzD6","On My Way Home",53,"https://i.scdn.co/image/98d755bd8fa1a7d3066a0375d8dd9f79eb498bd9","https://p.scdn.co/mp3-preview/23b4c10b5553df16049c959e968fe2f3d3f37321",0.504,0.515,-8.145,1,0.0355,0.00758,7.77e-06,0.111,0.514,87.883,4
"2015-06-24T00:35:44Z","26AHtbjWKiwYzsoGoUZq53","Pentatonix","PTX, Vol. III",221493,FALSE,"6fOqEAXCwboCO4BdzbZG1K","La La Latch",58,"https://i.scdn.co/image/98d755bd8fa1a7d3066a0375d8dd9f79eb498bd9","https://p.scdn.co/mp3-preview/4ed5225f7e738408c7d3249684e1b2da48975f18",0.694,0.512,-8.719,0,0.0451,0.0332,1.27e-06,0.152,0.397,121.997,4
"2015-06-24T00:35:48Z","26AHtbjWKiwYzsoGoUZq53","Pentatonix","PTX, Vol. III",212693,FALSE,"4hxemf0pE0mSzubgsfRLWu","Rather Be",59,"https://i.scdn.co/image/98d755bd8fa1a7d3066a0375d8dd9f79eb498bd9","https://p.scdn.co/mp3-preview/b5af4e77b915d473a7499e3fb2671b9dc9696a96",0.803,0.528,-7.529,1,0.0431,0.101,2.56e-06,0.0748,0.671,122.026,4
"2015-06-24T00:35:57Z","26AHtbjWKiwYzsoGoUZq53","Pentatonix","PTX, Vol. III",199373,FALSE,"6UNqsxeupIqwNds2oSDYnY","See Through",52,"https://i.scdn.co/image/98d755bd8fa1a7d3066a0375d8dd9f79eb498bd9","https://p.scdn.co/mp3-preview/a120a8f19c4e9302d598a9f72928b2dc084cef18",0.643,0.471,-8.752,1,0.0298,0.0362,0,0.37,0.427,128.134,4
"2015-06-24T00:36:09Z","26AHtbjWKiwYzsoGoUZq53","Pentatonix","PTX, Vol. III",253800,FALSE,"2ZtMNYog671T0UFfp0hhWq","Standing By",52,"https://i.scdn.co/image/98d755bd8fa1a7d3066a0375d8dd9f79eb498bd9","https://p.scdn.co/mp3-preview/24696ecc32c8b0685014e67e181a1e71627434b3",0.469,0.246,-13.491,1,0.0297,0.48,5.54e-05,0.099,0.147,112.967,4
"2015-06-26T20:18:28Z","2scCthfq8kpZS50gb8koTD","Less Is More","Cool Kids/Riptide (Originally Performed by Echosmith and Vance Joy)",133241,FALSE,"5jtbbkTh7x4UeMVAvF2KaI","Cool Kids/Riptide (Originally Performed by Echosmith and Vance Joy)",68,"https://i.scdn.co/image/79673143604c9861952c19111cd6440eded75f5b","https://p.scdn.co/mp3-preview/8a8faca59aefb001565c6535ee79faa7223e5bb5",0.629,0.21,-15.143,1,0.0356,0.849,0.00135,0.174,0.38,145.081,4
"2015-06-26T20:53:11Z","0QJIPDAEDILuo8AIq3pMuU","M.I.A.","Kala",203760,FALSE,"1kusepF3AacIEtUTYrw4GV","Paper Planes",71,"https://i.scdn.co/image/c67fabaa1c6ce42426cc8be17dc379b8202fad35","https://p.scdn.co/mp3-preview/0b0d0452180421807155d894d4f7319d59fa11c5",0.457,0.854,-6.2,1,0.265,0.0277,9.62e-05,0.731,0.484,172.231,4
"2015-06-26T20:55:45Z","23fqKkggKUBHNkbKtXEls4","Kygo","Firestone",273684,FALSE,"2sNvitW3TxiTeC9xT9f2ZZ","Firestone",78,"https://i.scdn.co/image/95f92bfb1cdaf63977d57511dfbfb5ceeeb2f2fa",NA,0.486,0.652,-7.226,0,0.052,0.408,6.63e-05,0.077,0.404,113.055,4
"2015-07-15T01:06:42Z","38xvPrs6zsTJuHmP7lsXRt","DJ Eezy","Ultimate Hip Hop Instrumentals, Vol. 8",189177,FALSE,"6fM6rQ2n2ItbhyZTk4p7lS","Black Skinhead - Instrumental Version",31,"https://i.scdn.co/image/8df8d1d63b8290ebe38029f1b3cf4c6fcb2f0fdf","https://p.scdn.co/mp3-preview/de60984691dfd6d83813f87b6beb020206075587",0.666,0.651,-11.053,1,0.246,0.0303,0.94,0.158,0.036,195.05,3
"2015-07-17T03:17:30Z","0FC1LIeQXKib0jOwZqeIwT","Brett Dennen","The Definitive Collection",205213,FALSE,"621CFhl91BygHysX0igkyY","Comeback Kid (That's My Dog)",62,"https://i.scdn.co/image/96ddf4684c2117d1b0c468c413d59ffbf5fce64c","https://p.scdn.co/mp3-preview/c7f7df14f6bf648c54a810f4e0292aaffe2e67be",0.475,0.822,-5.359,1,0.0433,0.0239,0,0.101,0.881,180.938,4
"2015-07-21T21:36:52Z","4dwdTW1Lfiq0cM8nBAqIIz","Of Monsters and Men","My Head Is An Animal",266600,FALSE,"3a2tuvXCHbW5nuUckuHkKT","Little Talks",72,"https://i.scdn.co/image/af5597ca69007b39e6be0d424f6a169e92cbaff0","https://p.scdn.co/mp3-preview/a91b37464e5f84309cf5dbab37a4882732531569",0.46,0.786,-5.238,1,0.038,0.0215,0,0.133,0.419,103.192,4
"2015-07-21T21:36:58Z","4dwdTW1Lfiq0cM8nBAqIIz","Of Monsters and Men","My Head Is An Animal",278373,FALSE,"1hxq7kWQnwdhxgpEugBMGk","Dirty Paws",68,"https://i.scdn.co/image/af5597ca69007b39e6be0d424f6a169e92cbaff0","https://p.scdn.co/mp3-preview/29c6a9ca6e3bb666d3bd565fb633dcd4df6df508",0.367,0.663,-6.969,1,0.0349,0.128,0.0269,0.0552,0.18,111.63,4
"2015-07-21T21:37:05Z","4dwdTW1Lfiq0cM8nBAqIIz","Of Monsters and Men","Beneath The Skin",243520,FALSE,"5wU6jk9kxYzFGUpeE6T2Q5","Crystals",60,"https://i.scdn.co/image/9d4e2203297910609b60968b804c0b1d5a4f00eb","https://p.scdn.co/mp3-preview/0e6ae7e7039c2d4faa5d1ec1ea7c5970725e3cf8",0.584,0.752,-7.219,1,0.0307,0.00258,0.000847,0.108,0.33,132.142,4
"2015-07-21T21:37:14Z","4dwdTW1Lfiq0cM8nBAqIIz","Of Monsters and Men","My Head Is An Animal",211453,FALSE,"60ZGteAEtPCnGE6zevgUcd","Mountain Sound",66,"https://i.scdn.co/image/af5597ca69007b39e6be0d424f6a169e92cbaff0","https://p.scdn.co/mp3-preview/0eb0432705dbedcadf759b44cf0d5243ded08a80",0.395,0.896,-4.262,0,0.0351,0.0513,0.00396,0.14,0.35,101.867,4
"2015-07-21T21:37:19Z","4dwdTW1Lfiq0cM8nBAqIIz","Of Monsters and Men","My Head Is An Animal",273853,FALSE,"5HF5PRNJ8KGtbzNPPc93tG","King And Lionheart",63,"https://i.scdn.co/image/af5597ca69007b39e6be0d424f6a169e92cbaff0","https://p.scdn.co/mp3-preview/e17c0b37ca10a8b74422c9edc4719698ef94aba9",0.517,0.686,-6.401,1,0.0442,0.134,0.00362,0.113,0.218,126.524,4
"2015-07-21T21:39:03Z","4UXqAaa6dQYAk18Lv7PEgX","Fall Out Boy","Centuries",231813,FALSE,"1N1JEeVv5TO2wQpk7vGVLs","Centuries",14,"https://i.scdn.co/image/86582012835b45b13effe8eaa826936112538cc2",NA,0.346,0.844,-3.164,0,0.0857,0.00441,0,0.113,0.411,175.997,4
"2015-07-21T21:39:10Z","4NHQUGzhtTLFvgF5SZesLK","Tove Lo","Truth Serum",209226,FALSE,"73DdlUXPj6SIOJQRrqgjld","Habits (Stay High)",31,"https://i.scdn.co/image/7e2b59f21d9bba19aad301d2539c898c2a7bd884","https://p.scdn.co/mp3-preview/cb50bd88d7220ee08ad3eff15baca417e119b302",0.734,0.638,-3.493,1,0.0326,0.0712,4.66e-05,0.0921,0.36,110.008,4
"2015-07-21T21:39:26Z","4gzpq5DPGxSnKTe4SA8HAU","Coldplay","A Sky Full Of Stars",267866,FALSE,"6HFbq7cewJ7rPiffV0ciil","A Sky Full of Stars",69,"https://i.scdn.co/image/339b07963bb860e5cb83ad26844354b19fd1a1b4","https://p.scdn.co/mp3-preview/9c00b56145c850917cfc404eb3dd42a87283eb43",0.545,0.675,-6.468,1,0.0279,0.00622,0.00197,0.214,0.167,124.973,4
"2015-07-21T21:39:33Z","1hzfo8twXdOegF3xireCYs","Milky Chance","Sadnecessary",313684,FALSE,"57ef886Y0RQDGLm2jvmYEq","Stolen Dance",55,"https://i.scdn.co/image/04132637e673b9e7ffb6b47d2626fc9c81780273","https://p.scdn.co/mp3-preview/2ec176fdea2186e1b05728903dbefb2316651fa9",0.886,0.578,-8.826,1,0.0381,0.418,0.000181,0.0761,0.703,114.015,4
"2015-07-21T21:39:40Z","58R5LHkK3vkmEyGUPOR5kS","KONGOS","Lunatic",211960,FALSE,"2kWowW0k4oFymhkr7LmvzO","Come with Me Now",70,"https://i.scdn.co/image/d4dd3a3e3e220f997cffba03ec7fc2b5c326bc6a","https://p.scdn.co/mp3-preview/9d7f6074ab24a49786133a0a47f1153eeeedd571",0.654,0.726,-3.803,0,0.0401,0.0311,6.35e-05,0.0618,0.72,103.987,4
"2015-07-21T21:39:47Z","53XhwfbYqKCa1cC15pYq2q","Imagine Dragons","Warriors",170066,FALSE,"2AGP16NS5LsvnskU9PdafD","Warriors",12,"https://i.scdn.co/image/8f0922f060b7d1d80fd46ddcef6e47caa9210c8f",NA,0.26,0.823,-6.216,0,0.069,0.0815,0.00223,0.204,0.313,78.772,4
"2015-07-21T21:40:02Z","77SW9BnxLY8rJ0RciFqkHh","The Neighbourhood","I'm Sorry...",240040,FALSE,"4pGqFOfzvfe6avb9kbZicC","Sweater Weather",70,"https://i.scdn.co/image/7935dcdc6d5f0e917740fbfd88cb08e8089650d9","https://p.scdn.co/mp3-preview/ff64df97746e9b97673169f97e0eb5045c552278",0.695,0.615,-5.325,0,0.042,0.15,0.000212,0.0879,0.425,124.015,4
"2015-07-21T21:40:09Z","4S1nvNHWiZLP4rzwmULmUa","Big Data","Dangerous (feat. Joywave)",280426,FALSE,"2rPw8mIZPu987REVeDbrjt","Dangerous (feat. Joywave)",40,"https://i.scdn.co/image/241fa0d911811e5130c30ef33784cc3732cd879f","https://p.scdn.co/mp3-preview/84b6f0428124707bfd91b137d29121061089ee10",0.757,0.578,-3.886,1,0.0386,0.011,0.00672,0.127,0.952,102.96,4
"2015-07-21T21:40:15Z","3XHO7cRUPCLOr6jwp8vsx5","alt-J","Left Hand Free",173630,FALSE,"4NwJWJ7rIZBnv8TwNRhGG2","Left Hand Free",51,"https://i.scdn.co/image/2d3e3cd72338dce02c19bdd192b2387ad7db0bf2","https://p.scdn.co/mp3-preview/99b4aaddb6198c483b852d8d69f3ac545ea56675",0.697,0.877,-4.465,1,0.0462,0.462,0.00943,0.083,0.798,101.99,4
"2015-07-21T21:40:39Z","513t0jZUP0K98C4h7KHtEb","NONONO","Pumpin Blood",209485,FALSE,"3dNcq4dzEtbFUM4PGeHHXp","Pumpin Blood",54,"https://i.scdn.co/image/3f3a7453f311fbbfe7a37f5eb940b37cf4d1b827","https://p.scdn.co/mp3-preview/9ede67ec47ad3e03b702af113b6fd8565e58f12d",0.618,0.848,-4.36,1,0.0279,0.000469,0.522,0.189,0.438,118.998,4
"2015-07-21T21:40:49Z","53XhwfbYqKCa1cC15pYq2q","Imagine Dragons","Gold",216160,FALSE,"4Z1WUYEO47LPbsV3WchCyP","Gold",40,"https://i.scdn.co/image/653e1c14827ebf079ad7266010ece1ae08b41986","https://p.scdn.co/mp3-preview/bd3cb182924bd09bdae481740590fcb03baaa102",0.314,0.471,-6.914,0,0.0383,0.0889,0.00248,0.0627,0.276,110.042,4
"2015-07-21T21:40:57Z","7MfqTaqzU4P7AqqnFj3rYk","Nicholas Petricca","Shut Up and Dance",197720,FALSE,"1K66si1ZELsRZzg7m7mcps","Shut Up and Dance",62,"https://i.scdn.co/image/51875cd1ad45c6ea3e626b1eb8488baa1993db79","https://p.scdn.co/mp3-preview/071a78277af763c2caa2fbb7103ebccd1e74467c",0.579,0.88,-3.154,1,0.0633,0.00607,1.16e-06,0.268,0.637,128.047,4
"2015-07-23T12:34:37Z","5ko56X4u667qvCekZkcWHF","Haley & Michaels","Haley & Michaels",203560,FALSE,"5FMHzRNJry4cTuYS4xhsE8","500 Miles",46,"https://i.scdn.co/image/1b16af8a0e5f90efe583c383f71396ae34f41d91","https://p.scdn.co/mp3-preview/31d85eba968617f13369c45536015dd90daca435",0.669,0.549,-6.922,1,0.0421,0.0416,0,0.106,0.285,118.066,4
"2015-07-23T13:26:13Z","5DYAABs8rkY9VhwtENoQCz","Gavin DeGraw","Make A Move",226200,FALSE,"2bN0VoXCagktb6yAi9942I","Best I Ever Had",57,"https://i.scdn.co/image/537522561961f045a640aec50d1e46fc4ba664f5","https://p.scdn.co/mp3-preview/8d05f98198faebe013a9ff9112c33f8c22a807ad",0.547,0.932,-5.237,1,0.0968,0.00229,0,0.335,0.517,134.981,4
"2015-07-23T14:25:12Z","2C2sVVXanbOpymYBMpsi89","The Cab","Symphony Soldier",199706,FALSE,"3igu6bCzkaIrioZIhK3p2n","Bad",55,"https://i.scdn.co/image/d970588f174832cd54607c2aab619b03730656d4","https://p.scdn.co/mp3-preview/a39b42d69d42f746edd5c75d18e7288f08cd37b4",0.387,0.916,-4.865,1,0.142,0.182,0,0.116,0.48,200.079,4
"2015-07-23T14:32:32Z","4Rxn7Im3LGfyRkY2FlHhWi","Nick Jonas","Nick Jonas (Deluxe)",203106,FALSE,"5OfgGVovaV6pd9kQZUSRP7","Chains",10,"https://i.scdn.co/image/0f4697656dca6e0eac861e4a6f0f3fae56486f02",NA,0.541,0.597,-5.876,0,0.0486,0.0141,0,0.0753,0.133,151.913,4
"2015-07-23T14:35:30Z","4NGiEU3Pkd8ASRyQR30jcA","Matt Nathanson","Headphones",208824,FALSE,"487En8Tg4r6Na9wSOWyMEZ","Headphones",1,"https://i.scdn.co/image/107a59fd72d946b8176d5bbebcb2852447ffb699",NA,0.58,0.869,-4.093,1,0.0456,0.00661,0,0.228,0.555,90.018,4
"2015-07-23T14:40:09Z","6xfqnpe2HnLVUaYXs2F8YS","Anna Kendrick","Cups (Pitch Perfect’s “When I’m Gone”)",126880,FALSE,"2sCl0FFOzZSmYZs90zOpd1","Cups (Pitch Perfect’s “When I’m Gone”)",61,"https://i.scdn.co/image/a0e34c146e59627a09ef80b5846759c72a6153ee","https://p.scdn.co/mp3-preview/829454e8920283d78bba5a13973d225fe9ab05e7",0.886,0.448,-8.866,1,0.112,0.0582,0.00658,0.035,0.735,129.966,4
"2015-07-23T14:53:06Z","2DnqqkzzDKm3vAoyHtn8So","Uncle Kracker","Happy Hour",201626,FALSE,"4ZC8hXXqu2hPcDLw9QTdtQ","Smile",60,"https://i.scdn.co/image/a754c25d7578eceea6f63776cb8fa36691df556a","https://p.scdn.co/mp3-preview/be7278bd9f4601b9d14cb2537160d6576a578cf2",0.541,0.812,-3.764,1,0.0336,0.203,0,0.42,0.594,141.056,4
"2015-07-23T15:35:42Z","3QLIkT4rD2FMusaqmkepbq","Rachel Platten","Fight Song - EP",204066,FALSE,"6bRbeEgg8v8BQ0HuVuPE7v","Fight Song",28,"https://i.scdn.co/image/4e1d108995a6947bfc6b1d728f0fcd5b4c5ec644",NA,0.639,0.707,-5.062,1,0.0739,0.0881,0,0.176,0.364,87.944,4
"2015-07-23T15:57:44Z","3FUY2gzHeIiaesXtOAdB7A","Train","California 37",231786,FALSE,"3adeqciqrsp6PQqR0hGDC7","Bruises",55,"https://i.scdn.co/image/ede492a76a3bc017a3671030cdab2ef231ab522f","https://p.scdn.co/mp3-preview/fe0150779402694d197098b47e38722f256f8b04",0.63,0.791,-4.497,1,0.0279,0.0131,6.83e-06,0.232,0.5,102.963,4
"2015-07-27T14:09:12Z","6Shas1ACrMl25XHgTrzxeo","Hedley","Wild Life",189093,FALSE,"468oGE6AlJILlhe7ZiOpzf","Heaven In Our Headlights",44,"https://i.scdn.co/image/027554269676fcb48f619e98947f41745b495823","https://p.scdn.co/mp3-preview/e1f9f74095654ab4b20fd10590bea01afadc3558",0.603,0.888,-4.696,1,0.0495,0.012,1.34e-05,0.271,0.502,119.99,4
"2015-07-27T17:36:27Z","7n2wHs1TKAczGzO7Dd2rGr","Shawn Mendes","Something Big",161440,FALSE,"5f0WLQquCf955JPSnt7JvR","Something Big",7,"https://i.scdn.co/image/07df27dbfd901cfe16212a53bf8bf2820311fe6b",NA,0.699,0.854,-3.874,0,0.0427,0.00779,0,0.138,0.757,112.027,4
"2015-07-27T17:53:32Z","1Cs0zKBU1kc0i8ypK3B9ai","David Guetta","Nothing But The Beat",245040,FALSE,"77TT8Xvx637TpzV8kKGkUw","Titanium (feat. Sia)",73,"https://i.scdn.co/image/2af69d6fcc191e4489ed3ae283ee1d8995f1c251","https://p.scdn.co/mp3-preview/2b96f76bec66b85212c966e4c0f336a1f023da7f",0.599,0.803,-3.641,0,0.0986,0.069,0.137,0.129,0.254,126.057,4
"2015-07-27T21:18:39Z","2gBjLmx6zQnFGQJCAQpRgw","Nelly","Just A Dream",237986,FALSE,"3PfeAZbfD134dO6OiLDA2Y","Just A Dream - Main",56,"https://i.scdn.co/image/fb692064dd4868bf035d512de87b80163045a3d4","https://p.scdn.co/mp3-preview/69910b75b9d914c7a426e5315e50a5fdbcca14ea",0.464,0.756,-6.094,1,0.034,0.0413,0,0.124,0.0928,180.094,4
"2015-07-29T02:19:49Z","1bT7m67vi78r2oqvxrP3X5","Naughty Boy","Hotel Cabana (Deluxe Version)",222200,FALSE,"36pLU2ywVeBKEF0rrKtmCB","La La La",65,"https://i.scdn.co/image/34bf1f0d46f21f3128e1c850207a846c952cf8d5","https://p.scdn.co/mp3-preview/bf603e7b96bf7b5870133390b7572dd07c0dc55f",0.77,0.649,-5.207,0,0.0307,0.113,0,0.0907,0.279,125.096,4
"2015-08-02T23:27:14Z","6Dd3NScHWwnW6obMFbl1BH","Daya","Hide Away",191368,FALSE,"6xDvaUKHffDiy56v6UmrmI","Hide Away",10,"https://i.scdn.co/image/dccd8b542c56aa007856524880cd05f82ecccca3",NA,0.884,0.826,-3.672,0,0.0854,0.222,2.29e-06,0.0651,0.474,94.997,4
"2015-08-19T02:32:20Z","378dH6EszOLFShpRzAQkVM","Lindsey Stirling","Shatter Me",280746,FALSE,"5fEpel9Vcv7aLTZ363Ct0f","Shatter Me",49,"https://i.scdn.co/image/61204bcde8a89972430a5afbdd585ae3217bb4dd","https://p.scdn.co/mp3-preview/7e3c1678d68622462e92ccdd4bf859da4ce1fac9",0.479,0.946,-3.011,0,0.0586,0.000921,0,0.124,0.348,144.963,4
"2015-09-07T16:01:51Z","2oX42qP5ineK3hrhBECLmj","Andy Grammer","Magazines Or Novels",199263,FALSE,"4orphgwPHHRsdEkfUmANSD","Honey, I'm Good.",68,"https://i.scdn.co/image/83201050218ffd89afd451e337cc7c5513713379","https://p.scdn.co/mp3-preview/fa261c1ac19659e7392698b628aea84ea3a91379",0.753,0.796,-6.406,1,0.0576,0.0378,0,0.331,0.597,122.025,4
"2015-09-07T16:10:35Z","5PokPZn11xzZXyXSfnvIM3","Lifehouse","Almeria",285120,FALSE,"4ZFPFZ1XPz7MPTott8Y68l","Between The Raindrops",52,"https://i.scdn.co/image/da6ebad718dc50b6c4142b7094d99240c687389d","https://p.scdn.co/mp3-preview/6bd8a55618c72bdec0cec8540d75a3f8feabf5c2",0.519,0.65,-6.552,1,0.0325,0.00137,0,0.154,0.269,107.003,4
"2015-09-07T16:19:01Z","6sCbFbEjbYepqswM1vWjjs","Zendaya","Zendaya",209186,FALSE,"7d1CFwrBmH34gmS0Hkbfbt","Replay",62,"https://i.scdn.co/image/b0c3134c6dfefaa5396b7f7d21cff6a1b92712ee","https://p.scdn.co/mp3-preview/5d0a34aaad678c3b78018736ec9afdecd1c29cda",0.692,0.721,-6.696,0,0.127,0.0438,0.000129,0.29,0.61,140.02,4
"2015-09-07T16:22:49Z","04gDigrS5kc9YWfZHwBETP","Maroon 5","Overexposed",185280,FALSE,"3QRQzphbP6jMOADWq0Hh8Z","Lucky Strike",37,"https://i.scdn.co/image/a366097d2c45663da19d75ecc1031da240996a39","https://p.scdn.co/mp3-preview/e70eefed0e15dfcf196b68b5613312d547d14406",0.673,0.744,-4.539,0,0.0421,0.000613,0,0.112,0.477,144.019,4
"2015-09-07T16:27:48Z","0EmeFodog0BfCgMzAIvKQp","Shakira","Shakira. (Deluxe Version)",239333,FALSE,"1SammGTDwEzeIP73lKKpAk","Empire",49,"https://i.scdn.co/image/9e1de80bb948d6bea1d4792e09b5e7ac639ecc50","https://p.scdn.co/mp3-preview/b600b552418d2e667f939012962032e445dc7524",0.541,0.628,-4.682,0,0.0603,0.733,0,0.056,0.354,80.027,4
"2015-09-07T16:51:48Z","6p5JxpTc7USNnBnLzctyd4","Phillip Phillips","The World From The Side Of The Moon (Deluxe)",209693,FALSE,"5L79aNYCTKiZq7vaOElXYj","Gone, Gone, Gone",64,"https://i.scdn.co/image/bf14be68e049b87457c63f712d270c2b8e6d6f6a","https://p.scdn.co/mp3-preview/7bb534ec3ab38cce199b11c7cf61d6383ec4997e",0.662,0.65,-5.981,1,0.0383,0.129,0,0.113,0.503,117.992,4
"2015-10-12T22:49:04Z","3NPpFNZtSTHheNBaWC82rB","X Ambassadors","VHS",195199,FALSE,"0fYVliAYKHuPmECRs1pbRf","Renegades",75,"https://i.scdn.co/image/886c0fe47aac8e31bcab118a182638e254372389","https://p.scdn.co/mp3-preview/f195be9a4f0904e066d5c32743b8a6f40db01613",0.4,0.868,-5.988,0,0.203,0.0112,0.0685,0.27,0.567,180.261,4
"2015-10-18T16:37:05Z","53XhwfbYqKCa1cC15pYq2q","Imagine Dragons","Roots",174506,FALSE,"4GITtbZtRCQXhWLMXrWXHt","Roots",63,"https://i.scdn.co/image/4cdfdf0127ea3ccbaf7c51068e0511281aa68b6d","https://p.scdn.co/mp3-preview/f11c997d5aa0bbaac3878a592a72391cc7d7e1e1",0.63,0.889,-5.411,0,0.246,0.691,0.00125,0.335,0.63,157.861,4
"2015-10-18T16:38:41Z","4dwdTW1Lfiq0cM8nBAqIIz","Of Monsters and Men","Crystals",243533,FALSE,"59yvXUFVjsaZQsDs09T7eA","Crystals",58,"https://i.scdn.co/image/f5d0792374b65bef787703dd61f7cf5fb22f55f6","https://p.scdn.co/mp3-preview/5d33d05f398c4aedf9373705191c411f465325e6",0.581,0.768,-7.238,1,0.0306,0.00187,0.000456,0.102,0.316,132.198,4
"2015-10-24T04:53:24Z","3J28FLi8jjXtUGWf69cP7I","Gardiner Sisters","Hold Back The River",215869,FALSE,"3xiDfAggbdsLyw8XietEUJ","Hold Back The River",38,"https://i.scdn.co/image/e1014b50c35d1794ac59dbbd54ffa5bed1014b08","https://p.scdn.co/mp3-preview/75babfd757a08e4cfa20d0f77351faf6f20dd50d",0.564,0.323,-5.899,1,0.0267,0.859,0,0.0881,0.323,132.849,4
"2015-10-24T04:54:00Z","3J28FLi8jjXtUGWf69cP7I","Gardiner Sisters","Dream",168664,FALSE,"4QJb2ZgA5m1FAUQF39w7gW","Dream",31,"https://i.scdn.co/image/65c7bde5575e5448711fe17e562772631ed5119a","https://p.scdn.co/mp3-preview/bac020b99aea05d920d9188f4960fe5d0d8b145b",0.617,0.231,-11.484,1,0.0298,0.873,0,0.139,0.213,112.38,3
"2015-10-24T04:54:22Z","3J28FLi8jjXtUGWf69cP7I","Gardiner Sisters","Home/Dirty Paws",173508,FALSE,"24rFwAcC6eqPvyMuPynVGH","Home/Dirty Paws",68,"https://i.scdn.co/image/20e622975a4c526c928b4643fde11cc8c8b348f4","https://p.scdn.co/mp3-preview/d3a46340b307dd3043fe437a78881c7a7dc2490b",0.663,0.208,-10.89,1,0.0313,0.85,0,0.114,0.227,115.028,4
"2015-11-13T16:10:36Z","0vEsuISMWAKNctLlUAhSZC","Counting Crows","Films About Ghosts: The Best Of...",188386,FALSE,"3OltYYcLZUhvho5QoRbUNr","Accidentally In Love",56,"https://i.scdn.co/image/f9daea9f29a8ca7a9419adff6626367c43379a36","https://p.scdn.co/mp3-preview/81f9bcf6b57dd17dee98067b1cedaafe65937a6c",0.554,0.923,-3.548,1,0.0376,0.0511,1.51e-05,0.191,0.806,137.939,4
"2015-11-23T02:39:48Z","2MSlGNpwXDScUdspOK6TS7","Home Free","Country Evolution",202653,FALSE,"5EOeB3AJDmnvpNeblcjm55","Honey, I'm Good",44,"https://i.scdn.co/image/6d24a0f92f68848bfc395071d629689426c32ff1","https://p.scdn.co/mp3-preview/63ec93b31de6ed246223a682703c4c6635eba284",0.845,0.486,-7.763,1,0.0463,0.408,0,0.201,0.474,120.021,4
"2015-11-23T02:49:22Z","2MSlGNpwXDScUdspOK6TS7","Home Free","Crazy Life",193733,FALSE,"60Q0ZSKKBea7otGijFgrQI","Wake Me Up",44,"https://i.scdn.co/image/706238be7bbb4075a68f9773ed1d3e23589d503c","https://p.scdn.co/mp3-preview/c0382da9d6f1ea57048f5d53b62349d55d64ffe5",0.712,0.554,-6.672,1,0.0337,0.477,0,0.19,0.361,116.91,4
"2015-11-23T02:54:27Z","2MSlGNpwXDScUdspOK6TS7","Home Free","Country Evolution",221666,FALSE,"1i1ARxccX24yYKQHPDTzpE","Fishin' in the Dark/Down in the Boondocks",41,"https://i.scdn.co/image/6d24a0f92f68848bfc395071d629689426c32ff1","https://p.scdn.co/mp3-preview/49a8a93495064305a9dc2192331859ced33e1004",0.58,0.538,-8.058,1,0.0599,0.204,0,0.27,0.761,175.914,4
"2015-11-23T03:08:05Z","5DYAABs8rkY9VhwtENoQCz","Gavin DeGraw","Sweeter",211386,FALSE,"0MhCb3iakymVqQIOeYPSUf","Soldier",62,"https://i.scdn.co/image/dbbc4e1d1c39c7ae2a81137a8808626c5aeaf593","https://p.scdn.co/mp3-preview/6a43dd122e2b61b41c401be9533869042019794d",0.486,0.74,-4.307,1,0.0438,0.0217,0,0.326,0.491,139.923,4
"2015-11-23T03:10:58Z","5DYAABs8rkY9VhwtENoQCz","Gavin DeGraw","Chariot - Stripped",239173,FALSE,"08kTO4EW0jb07zNsCNM83w","Chariot",64,"https://i.scdn.co/image/cc5af9bead103d6cadb1f14ce6ab78b7aa032657","https://p.scdn.co/mp3-preview/a89fab7b21afddc457f7a99b4e54f619c1d430c4",0.281,0.779,-5.104,1,0.0514,0.0437,0,0.37,0.35,167.172,4
"2015-11-23T03:19:40Z","5DYAABs8rkY9VhwtENoQCz","Gavin DeGraw","Gavin DeGraw",206000,FALSE,"3zcmWxxUA7Em7X3IBqZGUo","In Love With a Girl",53,"https://i.scdn.co/image/c1b8f92dfa54b58e8fcd3aff5b2880152b824c5e","https://p.scdn.co/mp3-preview/994bd59102f30040b23593d69e80da8164f3aba6",0.439,0.906,-4.8,1,0.0439,0.0193,0,0.373,0.69,161.905,4
"2015-11-23T03:27:21Z","610EjgFatGvVPtib97jQ8G","NEEDTOBREATHE","Brother",208205,FALSE,"62M9yafZsSRzlsphzeJPGo","Brother (feat. Gavin DeGraw)",70,"https://i.scdn.co/image/7a777df529cd51f69c5ff0c9b3c4b0425ea2428d","https://p.scdn.co/mp3-preview/55a99bb61b9fa5ba11358b487725d35239cab262",0.526,0.803,-3.989,1,0.127,0.135,0,0.119,0.568,157.887,4
"2015-11-23T03:34:59Z","6p5JxpTc7USNnBnLzctyd4","Phillip Phillips","The World From The Side Of The Moon (Deluxe)",210173,FALSE,"4rsW3WCZBGwhHfJWuHRwyT","Home",57,"https://i.scdn.co/image/bf14be68e049b87457c63f712d270c2b8e6d6f6a","https://p.scdn.co/mp3-preview/931c3eff97900c3a56a5055ddef92813a7e5fe09",0.607,0.816,-6.02,1,0.0306,0.023,1.16e-05,0.136,0.36,121.029,4
"2015-11-23T03:42:47Z","6p5JxpTc7USNnBnLzctyd4","Phillip Phillips","Behind The Light",196466,FALSE,"3q8LBIqDChhcA1LkYKw2QL","Unpack Your Heart",51,"https://i.scdn.co/image/637a9e5649d447d1e4caae354a0bd52d9793c860","https://p.scdn.co/mp3-preview/a07ca00e38580b02a7c3ff188d8a965058535eaa",0.61,0.846,-4.423,1,0.0432,0.0102,0,0.0972,0.802,110.012,4
"2015-11-23T03:42:50Z","6p5JxpTc7USNnBnLzctyd4","Phillip Phillips","Behind The Light (Deluxe)",234693,FALSE,"3Q2tKt6gKdn9LUMcHFxNJy","Raging Fire",49,"https://i.scdn.co/image/637a9e5649d447d1e4caae354a0bd52d9793c860","https://p.scdn.co/mp3-preview/1e1688fe8565f6db57a7c6ae32281aa23fa1a805",0.555,0.834,-4.697,1,0.0729,0.0076,0,0.08,0.452,125.809,4
"2015-11-23T03:49:04Z","6p5JxpTc7USNnBnLzctyd4","Phillip Phillips","The World From The Side Of The Moon (Deluxe)",215000,FALSE,"2RkFHVXFOhdDFWYUXtjerH","Man On The Moon",43,"https://i.scdn.co/image/bf14be68e049b87457c63f712d270c2b8e6d6f6a","https://p.scdn.co/mp3-preview/cb91f39bca1af71b8ef071824740a7771136d6ae",0.551,0.72,-6.208,0,0.0292,0.074,2.83e-06,0.125,0.359,89.985,4
"2015-11-23T04:28:20Z","7omzannyG2lfDqP5xyZo34","Joshua Radin","Simple Times (Reissue)",163200,FALSE,"0tiJ44M85rqHU0a5RMQN8x","I'd Rather Be With You [Radio Edit]",52,"https://i.scdn.co/image/ffcf143ffd802d3837562a612385b9bb43411ebd","https://p.scdn.co/mp3-preview/37abde3e108cbe9fa6cd973b727db3e41e1b7b29",0.512,0.671,-7.738,1,0.0283,0.0314,0.161,0.0749,0.405,82.342,4
"2015-11-23T04:30:01Z","6Tb8UQRIApqjJFu5yAWqnM","Say Hey to Single Life","Geronimo (Bombs Away)",218106,FALSE,"1EhNT7ZcQa3ppXow0hfuB0","Geronimo",3,"https://i.scdn.co/image/8771b2b2a84bbfa987f520f064845465d952beb0",NA,0.667,0.669,-8.336,1,0.0586,0.311,2e-05,0.0747,0.418,141.971,4
"2015-12-03T23:25:33Z","26AHtbjWKiwYzsoGoUZq53","Pentatonix","Pentatonix (Deluxe Version)",155586,FALSE,"6v08G3CGcoyiODIWZoOxR4","Na Na Na",61,"https://i.scdn.co/image/649f2dca1fdabb921835353491d7da49ac7c7130","https://p.scdn.co/mp3-preview/8a29beb721042b0df03e57c59b7f86ade57d2864",0.708,0.637,-5.795,1,0.0833,0.125,0,0.129,0.844,104.118,4
"2015-12-03T23:25:33Z","26AHtbjWKiwYzsoGoUZq53","Pentatonix","Pentatonix (Deluxe Version)",173053,FALSE,"1klGbW5a9qTBFUjFfddbmU","Can't Sleep Love",66,"https://i.scdn.co/image/649f2dca1fdabb921835353491d7da49ac7c7130","https://p.scdn.co/mp3-preview/44e9e407fc2218a7ebcf14a0310f908822f1a166",0.73,0.433,-7.05,1,0.0455,0.0849,0,0.169,0.574,94.596,4
"2015-12-03T23:25:33Z","26AHtbjWKiwYzsoGoUZq53","Pentatonix","Pentatonix (Deluxe Version)",177240,FALSE,"4940HtUKC4VDtiC5s4t4MT","Sing",61,"https://i.scdn.co/image/649f2dca1fdabb921835353491d7da49ac7c7130","https://p.scdn.co/mp3-preview/c237c1afb2d7baa2513639906ce4decfb87e9bcb",0.642,0.827,-4.36,1,0.0867,0.0355,0,0.133,0.707,154.983,4
"2015-12-03T23:25:33Z","26AHtbjWKiwYzsoGoUZq53","Pentatonix","Pentatonix (Deluxe Version)",222853,FALSE,"6GtFfnl204TH4ztReNW7Hn","Misbehavin'",58,"https://i.scdn.co/image/649f2dca1fdabb921835353491d7da49ac7c7130","https://p.scdn.co/mp3-preview/ec8604cc19a406390284de34b54d5f3e5aec593b",0.75,0.512,-6.628,1,0.0248,0.0393,0,0.108,0.817,106.972,4
"2015-12-03T23:25:33Z","26AHtbjWKiwYzsoGoUZq53","Pentatonix","Pentatonix (Deluxe Version)",194373,FALSE,"6hWHiqL9pFnfgbSAxxnfwm","Ref",55,"https://i.scdn.co/image/649f2dca1fdabb921835353491d7da49ac7c7130","https://p.scdn.co/mp3-preview/3435af5403190317d368b1ec2bc82ecc4926a48f",0.732,0.718,-6.067,0,0.062,0.00886,0,0.105,0.803,144.061,4
"2015-12-03T23:25:33Z","26AHtbjWKiwYzsoGoUZq53","Pentatonix","Pentatonix (Deluxe Version)",161013,FALSE,"6sIqfpYT76jKQuDvBpzEKw","First Things First",54,"https://i.scdn.co/image/649f2dca1fdabb921835353491d7da49ac7c7130","https://p.scdn.co/mp3-preview/807504beb8a1fc83b46d0916166923bb67b26140",0.789,0.446,-8.681,0,0.0497,0.0541,0,0.144,0.789,103.008,4
"2015-12-03T23:25:33Z","26AHtbjWKiwYzsoGoUZq53","Pentatonix","Pentatonix (Deluxe Version)",223346,FALSE,"3sMsk0ZIBHEpLxPkCeoQWq","Rose Gold",54,"https://i.scdn.co/image/649f2dca1fdabb921835353491d7da49ac7c7130","https://p.scdn.co/mp3-preview/7d7e981cfa099bb870f7cb3da7f2dc4ac3b3b3b4",0.556,0.436,-8.688,0,0.0469,0.733,1.04e-06,0.109,0.37,147.954,4
"2015-12-03T23:25:33Z","26AHtbjWKiwYzsoGoUZq53","Pentatonix","Pentatonix (Deluxe Version)",194053,FALSE,"3vaWsG3oKZt0bSra2p5c5R","If I Ever Fall In Love",62,"https://i.scdn.co/image/649f2dca1fdabb921835353491d7da49ac7c7130","https://p.scdn.co/mp3-preview/8581238b2cbe2afbe6a64ffb861b81ba1b16d3f5",0.403,0.477,-6.723,0,0.0384,0.582,0,0.314,0.393,141.719,4
"2015-12-03T23:25:33Z","26AHtbjWKiwYzsoGoUZq53","Pentatonix","Pentatonix (Deluxe Version)",174146,FALSE,"2Jarj3mrS5Z0A9qSuJgtkP","Cracked",55,"https://i.scdn.co/image/649f2dca1fdabb921835353491d7da49ac7c7130","https://p.scdn.co/mp3-preview/964c809e2eea868a1efffed2359a5a9bb933a158",0.619,0.552,-6.037,1,0.0323,0.386,0,0.404,0.526,94.977,4
"2015-12-03T23:25:33Z","26AHtbjWKiwYzsoGoUZq53","Pentatonix","Pentatonix (Deluxe Version)",191400,FALSE,"0AMydQFel4RVQbIN30Fjik","Water",55,"https://i.scdn.co/image/649f2dca1fdabb921835353491d7da49ac7c7130","https://p.scdn.co/mp3-preview/17c8d4ef38444de7720bd0b5cc486df12c0a2cf2",0.335,0.579,-6.98,0,0.0632,0.277,0,0.0606,0.424,80.317,4
"2015-12-03T23:25:33Z","26AHtbjWKiwYzsoGoUZq53","Pentatonix","Pentatonix (Deluxe Version)",176346,FALSE,"3g2t97wd9F3E5OXaer4AuO","Take Me Home",55,"https://i.scdn.co/image/649f2dca1fdabb921835353491d7da49ac7c7130","https://p.scdn.co/mp3-preview/654d3e707a6ecb84d9cdcaac0f3b5d2fb38f8ea2",0.602,0.148,-12.614,1,0.0395,0.726,0,0.169,0.434,89.811,4
"2015-12-03T23:25:33Z","26AHtbjWKiwYzsoGoUZq53","Pentatonix","Pentatonix (Deluxe Version)",217733,FALSE,"4eSbzAw4DZ3tmO4eiVgnQF","New Year's Day",54,"https://i.scdn.co/image/649f2dca1fdabb921835353491d7da49ac7c7130","https://p.scdn.co/mp3-preview/d01b11cdb60ad2e3790969777ce8ad24ac12a0d5",0.379,0.614,-7.3,1,0.057,0.283,0,0.0676,0.356,110.015,4
"2015-12-03T23:25:33Z","26AHtbjWKiwYzsoGoUZq53","Pentatonix","Pentatonix (Deluxe Version)",254706,FALSE,"0NoKGLAnGN25F1QvHpazti","Light In The Hallway",54,"https://i.scdn.co/image/649f2dca1fdabb921835353491d7da49ac7c7130","https://p.scdn.co/mp3-preview/d0328698bb97af25bbde3dbb59eddcd77bcb22f0",0.216,0.0672,-16.235,1,0.0348,0.884,0,0.132,0.156,102.328,4
"2015-12-03T23:25:33Z","26AHtbjWKiwYzsoGoUZq53","Pentatonix","Pentatonix (Deluxe Version)",171240,FALSE,"6TUV0YguQNcVe5ntktzXWu","Where Are Ü Now",62,"https://i.scdn.co/image/649f2dca1fdabb921835353491d7da49ac7c7130","https://p.scdn.co/mp3-preview/911375d7aa08ea300e0ca8b40a410c15faea412e",0.629,0.426,-9.012,1,0.0391,0.117,0,0.14,0.289,134.06,4
"2015-12-03T23:25:33Z","26AHtbjWKiwYzsoGoUZq53","Pentatonix","Pentatonix (Deluxe Version)",182986,FALSE,"3DJzbnITxJVoLjtYGu4NeV","Cheerleader",62,"https://i.scdn.co/image/649f2dca1fdabb921835353491d7da49ac7c7130","https://p.scdn.co/mp3-preview/ec209a3f9615ec9d74839d175b6036c64730e645",0.799,0.59,-6.361,1,0.0361,0.0545,0,0.164,0.586,117.999,4
"2015-12-03T23:25:33Z","26AHtbjWKiwYzsoGoUZq53","Pentatonix","Pentatonix (Deluxe Version)",160760,FALSE,"6a5QzUZuTOi5apGZ6Nmdpx","Lean On",60,"https://i.scdn.co/image/649f2dca1fdabb921835353491d7da49ac7c7130","https://p.scdn.co/mp3-preview/33468f7b6678089914048dce1f2f567d5fbf15a5",0.661,0.554,-7.946,0,0.0374,0.00726,0,0.364,0.501,98.017,4
"2015-12-03T23:25:33Z","26AHtbjWKiwYzsoGoUZq53","Pentatonix","Pentatonix (Deluxe Version)",213786,FALSE,"1GXFYdKM6MNrogE2PacpKe","Can't Sleep Love",57,"https://i.scdn.co/image/649f2dca1fdabb921835353491d7da49ac7c7130","https://p.scdn.co/mp3-preview/61bc0c207badeede7157f8722fc3d73de3017971",0.734,0.467,-7.058,1,0.0542,0.0937,0,0.144,0.614,94.524,4
"2015-12-23T18:38:45Z","55RI2GNCfyXr0f14uIdhwd","A Thousand Horses","Southernality",238960,FALSE,"65IUk3WvZtnTjQH7W4wyoD","Travelin' Man",36,"https://i.scdn.co/image/56885b6dd400bac1317df2d35638a8e36ce3ebd7","https://p.scdn.co/mp3-preview/7c25f0dfdf416273a88acc9c209f6bd3928a6054",0.56,0.914,-4.492,1,0.0433,0.000373,3.58e-05,0.145,0.525,110.999,4
"2016-01-12T23:46:56Z","3Do8DomH4vne53HMld8kb4","Make This Place Your","Home",212256,FALSE,"3Q0v0LSMDtTzy8hAqqGfFp","Home",26,"https://i.scdn.co/image/2f076b0e8a1b35015df51843bac5d89bfaf12757","https://p.scdn.co/mp3-preview/c5ecae34b49a0a7b5ed5924b57d2210daee20ce6",0.638,0.55,-8.527,1,0.0271,0.0805,4.75e-05,0.118,0.279,120.99,4
"2016-02-05T17:30:02Z","3YQKmKGau1PzlVlkL1iodx","Twenty One Pilots","Stressed Out",202333,FALSE,"0lAB2lC6h4YhBIdkYYbpQH","Stressed Out",69,"https://i.scdn.co/image/52fc1b3b08807194b87cd7e4fd68f5118d991e44","https://p.scdn.co/mp3-preview/0e0951b811f06fea9162eb7e95e4bae4802d97af",0.734,0.637,-5.677,0,0.141,0.0462,2.29e-05,0.0602,0.638,169.977,4
"2016-02-05T17:33:08Z","25u4wHJWxCA9vO0CzxAbK7","Lukas Graham","7 Years",237300,FALSE,"2vDT1uU6hZgdp3PbWGr0Xy","7 Years",51,"https://i.scdn.co/image/b43853ecea07f4332f9f137ad1786664a6aea681",NA,0.765,0.473,-5.829,1,0.0514,0.287,0,0.391,0.343,119.992,4
"2016-02-05T17:55:11Z","67hb7towEyKvt5Z8Bx306c","Empire of the Sun","Walking On A Dream",198440,FALSE,"0mBkoM8r7KAQzZij5swTUL","Walking On A Dream",72,"https://i.scdn.co/image/d173acb8ae470ff3015b71d2e45f7961ae00348e","https://p.scdn.co/mp3-preview/5e6e9e4545ceac0bb8127c57ce49cb940e7fd71b",0.87,0.699,-5.541,0,0.0459,0.245,6.76e-06,0.0588,0.725,126.967,4
"2016-02-05T18:25:51Z","0yb46jwm7gqbZXVXZQ8Z1e","Bishop Briggs","River",220865,FALSE,"606HVBE1aPA81oGg5JMa4M","River",32,"https://i.scdn.co/image/52f1b0b18e63e0d58d5c9f9db78ca5312532e29a",NA,0.728,0.49,-6.535,0,0.0481,0.301,2.8e-06,0.0707,0.55,62.514,4
"2016-02-05T18:25:58Z","3YQKmKGau1PzlVlkL1iodx","Twenty One Pilots","Blurryface",214506,FALSE,"2Z8WuEywRWYTKe1NybPQEW","Ride",97,"https://i.scdn.co/image/52fc1b3b08807194b87cd7e4fd68f5118d991e44","https://p.scdn.co/mp3-preview/26fc2318d6ebad09ae7aed7adfce2b28413cea7e",0.645,0.713,-5.355,1,0.0393,0.00835,0,0.113,0.58,74.989,4
"2016-02-05T18:26:06Z","3NPpFNZtSTHheNBaWC82rB","X Ambassadors","Renegades",194586,FALSE,"3wLfy6C6qhOxHpU64YYKGz","Renegades",19,"https://i.scdn.co/image/8b6f9c00a748abbc82c6b470e67855099ee683a7",NA,0.528,0.866,-5.96,0,0.0831,0.0123,0.0388,0.347,0.554,89.989,4
"2016-02-05T18:26:56Z","4gzpq5DPGxSnKTe4SA8HAU","Coldplay","A Head Full Of Dreams",258826,FALSE,"3RiPr603aXAoi4GHyXx0uy","Hymn For The Weekend",88,"https://i.scdn.co/image/9c2c4a9ac9726bfd996ff96383178bbb5efc59ab","https://p.scdn.co/mp3-preview/0e36103f9c968a7f07d502003a109c314f36ae9c",0.49,0.743,-5.155,0,0.0409,0.255,7.21e-06,0.3,0.376,89.974,4
"2016-02-05T18:27:11Z","4gzpq5DPGxSnKTe4SA8HAU","Coldplay","Adventure Of A Lifetime",263786,FALSE,"4MFCXniy7I8tj0GXtf3wgC","Adventure Of A Lifetime",73,"https://i.scdn.co/image/2752509f00ef3cf46bf7fcb6433e3a3a631ed10c","https://p.scdn.co/mp3-preview/f5c8203c517a906dd581e0faeca84d1e0206c8b6",0.638,0.924,-3.887,1,0.0359,0.00205,0.000173,0.149,0.515,111.995,4
"2016-02-06T21:41:20Z","4gzpq5DPGxSnKTe4SA8HAU","Coldplay","Parachutes",266773,FALSE,"3AJwUDP919kvQ9QcozQPxg","Yellow",80,"https://i.scdn.co/image/495b0549379fc4c324445fd7d2bfa219a8c18a90","https://p.scdn.co/mp3-preview/c119ca773ef844108da21c4679dc54c007cf0926",0.429,0.661,-7.227,1,0.0281,0.00239,0.00013,0.234,0.279,173.365,4
"2016-02-06T21:55:10Z","20JZFwl6HVl6yg8a4H3ZqK","Panic! At The Disco","Victorious",178541,FALSE,"6jMlxmzDVzsj3w7rEWgZDJ","Victorious",51,"https://i.scdn.co/image/480cf491f18ab17e845cb119d618df2983b3232d","https://p.scdn.co/mp3-preview/49714935c7e4a17f190ed6eeb298a95964c34849",0.575,0.86,-4.539,1,0.0457,0.0018,0,0.416,0.694,110.003,4
"2016-02-11T03:26:00Z","6eUKZXaKkcviH0Ku9w2n3V","Ed Sheeran","x (Deluxe Edition)",299146,FALSE,"5pY3ovFxbvAg7reGZjJQSp","I See Fire",79,"https://i.scdn.co/image/b68b39fdc2409d0f526ad48775ddcd93ff496cda","https://p.scdn.co/mp3-preview/3d12d2d07548604c5f1d92aa6bbe058915709429",0.641,0.176,-11.692,1,0.0349,0.638,5.14e-06,0.252,0.307,76.031,4
"2016-02-28T17:04:14Z","1R486Y8DuEKEH01hypvW1B","David Phelps","Freedom",194240,FALSE,"3XTC2bdzMx13f6Oupdv3XE","I'm Coming Home",27,"https://i.scdn.co/image/c8e7aa2b91d77ffbfc2cccc1413a7cd6618653ff","https://p.scdn.co/mp3-preview/40708e5219ee1ccf983268766d283eb596cc6587",0.237,0.789,-4.097,1,0.0797,0.32,0,0.118,0.352,69.26,5
"2016-02-28T17:07:17Z","31wYkGM3nm2rOm2wTt2Pgi","3FOR3","The EP",212548,FALSE,"2rvifQhudlzVMW8ThiaAzV","Halfway",37,"https://i.scdn.co/image/2e15d250538890884c2614103dd7de1dabaccba6","https://p.scdn.co/mp3-preview/860b3949d9c0ab13a1b70a0b3617b2ed041319f3",0.476,0.664,-5.844,1,0.0443,0.0676,0,0.32,0.522,150.023,4
"2016-02-28T17:18:20Z","2zwHaEmXxX6DTv4i8ajNCM","Kris Allen","Kris Allen",212506,FALSE,"1HfxPaJggVwFsvOtHbVzMz","Live Like We're Dying",45,"https://i.scdn.co/image/8981051f4eb185130f9196786ac04c41eb0a0c11","https://p.scdn.co/mp3-preview/e167b7954da549458a3bf54ccf8ae708bb2af7c1",0.589,0.893,-2.948,1,0.0397,0.0273,0,0.343,0.945,92.011,4
"2016-02-28T17:26:49Z","4xvNx8d6ZMhOZXUGUBmJby","FFH","Wide Open Spaces",282173,FALSE,"3B1pNvHN70d44FzgKKzXib","Undone",50,"https://i.scdn.co/image/92b1fb55ee94e36476238efa650d278d84fefc2c","https://p.scdn.co/mp3-preview/1443106491ace0d8a3e03410865235e0c2028249",0.252,0.7,-5.645,1,0.0317,0.00296,0.369,0.11,0.352,205.714,4
"2016-04-22T16:32:55Z","3FUY2gzHeIiaesXtOAdB7A","Train","Calling All Angels (Radio Version)",228493,FALSE,"7vC2NbDYL1XCVls8C7yHeu","Calling All Angels - Radio Version",32,"https://i.scdn.co/image/6637ce3832806e108f66be256ff3efdc8fc510e3","https://p.scdn.co/mp3-preview/dd57133824189d420ef569d5bd2f6d3b7c4d7bcd",0.447,0.855,-5.303,1,0.05,0.0912,0,0.222,0.488,166.19,4
"2016-05-15T22:25:17Z","63yrD80RY3RNEM2YDpUpO8","Melanie Martinez","Cry Baby (Deluxe)",204085,FALSE,"3fo6DYGktjENCiagUeU9yH","Pity Party",81,"https://i.scdn.co/image/60f9d89a9b005acf036bef08d3a80eea7bfda942","https://p.scdn.co/mp3-preview/328d8f86113b4cc59bcabac16b727f85662fbcd6",0.716,0.73,-4.126,0,0.0364,0.058,7.32e-06,0.151,0.364,136.05,4
"2016-05-15T22:25:43Z","6ujr1NkqbZpYOhquczUUfl","The Strumbellas","Spirits",203653,FALSE,"0VhDlpezWuAgOnfOCx2fRv","Spirits",38,"https://i.scdn.co/image/dccf56a3038a76ccadbe9e0afaddf02d1cf41bb5",NA,0.552,0.724,-3.698,1,0.0271,0.169,0,0.11,0.769,80.516,4
"2016-05-19T20:39:26Z","7GybhnbNqgYBkIIU7zE90W","Ike Ndolo","Rivers",195280,FALSE,"7sWWmc0YDcmpS3gExstkOA","Land of the Rising Sun",37,"https://i.scdn.co/image/4823f8a3275c77aec57cdcaf0962bf8ba456b631","https://p.scdn.co/mp3-preview/25e6e2921ecc6f05ab43733400a87d26bd9b2684",0.634,0.749,-5.94,1,0.0327,0.14,0,0.117,0.477,129.978,4
"2016-05-19T20:43:09Z","2cbJIwmifF9ZZO8yhoZHo8","Honey County","People Loving People",185081,FALSE,"3jcDqnChDzpzNgGJVMkHF2","People Loving People",41,"https://i.scdn.co/image/6b6d839f176300be85f36e7b3b74251c690eb570","https://p.scdn.co/mp3-preview/269d6ac1afc43e1ec3f8db97bab8e9417121b29b",0.699,0.6,-6.546,1,0.042,0.72,0,0.0969,0.371,108.892,4
"2016-05-19T21:04:01Z","7LTaD4KirzB3MApKKPwpmj","Los 5","Mañana",208358,FALSE,"3VcMtGme8ivp2cWKZ6ehqg","Mañana",49,"https://i.scdn.co/image/20a420472ffffc7f24d1be7d2aeda7b33c28780a","https://p.scdn.co/mp3-preview/c47fad3103c048330a5586925f71f3a98614356e",0.723,0.818,-8.285,1,0.0552,0.317,0,0.0868,0.804,95.747,4
"2016-05-19T22:46:36Z","2uSaBYbfQ8nw2dB0ZXyIR8","Julianna Zobrist","The Dawn",191638,FALSE,"1cSqm1rF9QcT8gyL1W7AdX","The Dawn",38,"https://i.scdn.co/image/d461b6f56a506f52768b62be149b8d9fbcbea0be","https://p.scdn.co/mp3-preview/0b7c9adc598ec48ac8ced60bdab9059bd784e7e3",0.498,0.733,-4.631,1,0.0863,0.0292,0,0.0956,0.221,166.143,4
"2016-05-20T13:39:34Z","2plllpJj0sU7FsdZrn8EHq","Maccabeats","Home",204357,FALSE,"7JtFCxCgtaSUqbjyenxRor","Home",39,"https://i.scdn.co/image/d4512d7b4eec1f9c2c4923f763707fe764e0eeb3","https://p.scdn.co/mp3-preview/2af80a61a72a0bed7bdc16a9ba5044ceed695a55",0.366,0.481,-8.92,1,0.0268,0.63,0,0.151,0.344,90.23,4
"2016-05-20T13:43:52Z","2bIN86ZmfyWfkN9c3C3YXE","The Alternate Routes","Nothing More (feat. Lily Costner)",200960,FALSE,"0mD8Oey9zR0TR8XyiOx3NO","Nothing More (feat. Lily Costner)",43,"https://i.scdn.co/image/73cb415a0bcde4edc787ad97c0a652761713da3f","https://p.scdn.co/mp3-preview/55a89f69efa9b613965758fe3ac1d6d7d20f2757",0.498,0.599,-4.723,1,0.0289,0.0589,0,0.117,0.222,88.068,4
"2016-05-20T14:27:24Z","4D9k73VomKTnVQ6ROnt8IO","Disciple","Dear X, You Don't Own Me",214413,FALSE,"0LzRoFp8qicUm6ERzqaUXU","Dear X, You Don't Own Me",38,"https://i.scdn.co/image/fec1908ebea715cfa1005f11ae0dc1ebfd28e927","https://p.scdn.co/mp3-preview/a26bb8238cc7ee33c5dda9e69ae49c752e31b34c",0.563,0.77,-5.066,0,0.034,0.0016,0,0.153,0.277,138.011,4
"2016-05-20T16:22:56Z","6O9WquDfQTxGRZqZUXVEQx","RedOne","Don't You Need Somebody (feat. Enrique Iglesias, R. City, Serayah & Shaggy)",207719,FALSE,"1TPUbLdzpfgF7wrPEXIAAB","Don't You Need Somebody (feat. Enrique Iglesias, R. City, Serayah & Shaggy)",82,"https://i.scdn.co/image/ee3f13be1100ed247c0da7ed7216348a4530affb","https://p.scdn.co/mp3-preview/7e91506026ba3900f6394c9a4de82da77f204f79",0.69,0.702,-6.103,1,0.0901,0.247,0,0.262,0.592,92.996,4
"2016-05-20T16:24:41Z","4gzpq5DPGxSnKTe4SA8HAU","Coldplay","Hymn For The Weekend (Seeb Remix)",212647,FALSE,"6s3GEN8wK0OMzzzZbXj0fu","Hymn For The Weekend - Seeb Remix",95,"https://i.scdn.co/image/595846b1b208b9edfb91ee79b5b886456856da9f","https://p.scdn.co/mp3-preview/d36ebf2b3d829b008bfea00bca48536fa510b6f0",0.565,0.849,-3.516,0,0.0517,0.00868,4.68e-06,0.12,0.43,102.034,4
"2016-05-23T21:05:14Z","31TPClRtHm23RisEBtV3X7","Justin Timberlake","CAN'T STOP THE FEELING! (Original Song from DreamWorks Animation's ""TROLLS"")",236001,FALSE,"6JV2JOEocMgcZxYSZelKcc","CAN'T STOP THE FEELING! (Original Song from DreamWorks Animation's ""TROLLS"")",98,"https://i.scdn.co/image/d013904153a1c3771a7f851132b090254c39a51b","https://p.scdn.co/mp3-preview/9127f47e7e5265f51ab9e1a8d5d8edb9b7cb91a5",0.667,0.83,-5.715,1,0.0749,0.0123,0,0.191,0.716,113.03,4
"2016-05-23T21:36:56Z","0jnsk9HBra6NMjO2oANoPY","Flo Rida","MY HOUSE",192190,FALSE,"6Knv6wdA0luoMUuuoYi2i1","My House",87,"https://i.scdn.co/image/c475548f4c1ffbe3566bd48b326261a1592a1c90","https://p.scdn.co/mp3-preview/afa94edef4dec2eda16e99153ccd513ef4306d06",0.688,0.702,-4.792,0,0.0499,0.0215,0,0.128,0.731,94.006,4
"2016-06-09T02:20:49Z","2MSlGNpwXDScUdspOK6TS7","Home Free","Crazy Life",141706,FALSE,"5i9A1n1s82jh53IGLldPG6","Ring of Fire",48,"https://i.scdn.co/image/706238be7bbb4075a68f9773ed1d3e23589d503c","https://p.scdn.co/mp3-preview/84c875d3c93b65afed6e39e789e7f32b2bcf92d9",0.714,0.503,-8.053,1,0.039,0.43,2.07e-05,0.124,0.343,104.882,4
"2016-06-09T02:24:02Z","2MSlGNpwXDScUdspOK6TS7","Home Free","Country Evolution",174893,FALSE,"6UbcthjdWBvqsOqW1n85VJ","Elvira",44,"https://i.scdn.co/image/6d24a0f92f68848bfc395071d629689426c32ff1","https://p.scdn.co/mp3-preview/13b5f1f165581595bbbb7b8cfe42a21fe73c4af3",0.828,0.584,-7.223,1,0.147,0.111,3.33e-06,0.324,0.559,140.093,4
"2016-06-09T02:30:14Z","1yQ8S4xdGOGbUcpaPR6hCM","Straight No Chaser","The New Old Fashioned (Deluxe)",181240,FALSE,"47Cps9pq1OImf0m2ZDzj62","Beggin' / Counting Stars",35,"https://i.scdn.co/image/ae74acc0a6e22a9526e04632b2609507909e7d74","https://p.scdn.co/mp3-preview/ff6d3b2504b76c641eb177bf44bc0e88b7e2ce20",0.782,0.717,-5.204,0,0.34,0.441,0,0.0841,0.628,122.117,4
"2016-06-09T02:31:16Z","1yQ8S4xdGOGbUcpaPR6hCM","Straight No Chaser","The New Old Fashioned (Deluxe)",178866,FALSE,"6pT1VoN2TlQ4MODrrlQzJ2","Can't Feel My Face",31,"https://i.scdn.co/image/ae74acc0a6e22a9526e04632b2609507909e7d74","https://p.scdn.co/mp3-preview/25be5a690b28a3becc948de461da93b3a58efab8",0.726,0.753,-6.357,0,0.0336,0.124,0,0.128,0.376,107.975,4
"2016-06-09T02:37:34Z","1yQ8S4xdGOGbUcpaPR6hCM","Straight No Chaser","Under The Influence (Ultimate Edition)",163120,FALSE,"7lWNtyxo4XoqFN1kLsqJG7","Jolene (feat. Dolly Parton)",31,"https://i.scdn.co/image/f8d039fc500bdbc06719eef09068d03d4733006f","https://p.scdn.co/mp3-preview/53466dc65f7cafce8d645dddb79e324529f3dcc4",0.781,0.473,-9.369,0,0.0469,0.729,3.87e-06,0.119,0.614,109.929,4
"2016-06-09T02:43:40Z","1Mjvv0iadHTTluGAoxIG9N","Tonic Sol-Fa","Twenty One",153333,FALSE,"4Fgg3Ruz2gRMB8hGhmAfNV","99 Problems",8,"https://i.scdn.co/image/9f568c963032e9dc1f1f4a61a134eaf0b3437cf1","https://p.scdn.co/mp3-preview/e113d254e54c613e52502283d4f74dc0b93df623",0.694,0.866,-4.187,1,0.0742,0.333,0,0.0375,0.97,171.995,4
"2016-06-09T03:09:07Z","3OM7yGcKq3sMm1kd2wbLlw","The Rubber Knife Gang","Drivin' On",163280,FALSE,"4A0Q6Htj4BzLFYUBJzo6gV","Tennessee Mountain Girl",38,"https://i.scdn.co/image/487bf289fa5a30ecd95520dbd560de5654960ec0","https://p.scdn.co/mp3-preview/673484882772a6de8a4b6730382243b00704b73d",0.77,0.519,-8.129,1,0.0296,0.848,3.64e-06,0.188,0.885,99.887,4
"2016-07-02T16:35:50Z","720fJ5sGqAOhvU2IUypqIr","Lennon & Maisy","Ain't No Rest for the Wicked",189000,FALSE,"248hvFUDLVSnjCCX0DRsRn","Ain't No Rest for the Wicked",50,"https://i.scdn.co/image/c3f8e32e5fcd509632d6586bc1ed2362f24b334f","https://p.scdn.co/mp3-preview/a2e30147bfdfb3d4d466d218182388022ae7b1bb",0.377,0.68,-8.175,0,0.14,0.822,4.72e-06,0.136,0.585,79.884,4
"2016-07-02T16:41:52Z","720fJ5sGqAOhvU2IUypqIr","Lennon & Maisy","Boom Clap",175615,FALSE,"3j0oJtPonSYt9f5jHVLb91","Boom Clap",63,"https://i.scdn.co/image/f350be2559bc794b2cb3da4ee774e7d211446a43","https://p.scdn.co/mp3-preview/a289f33bfab9d76ece860b31d832a9c7ca565ad0",0.653,0.525,-7.446,1,0.0414,0.57,0,0.141,0.625,156.996,4
"2016-07-02T16:42:30Z","720fJ5sGqAOhvU2IUypqIr","Lennon & Maisy","That's What's Up",195083,FALSE,"5cmvTvxqKFhr7U5sjNQ7Ce","That's What's Up",51,"https://i.scdn.co/image/757214f634a4883e412521f199db85176a7c3612","https://p.scdn.co/mp3-preview/e1f7f9069f0a3a6f1282a80ea9b83fc81a7da070",0.453,0.274,-10.572,1,0.0406,0.832,0,0.18,0.481,203.478,4
"2016-07-02T16:50:11Z","720fJ5sGqAOhvU2IUypqIr","Lennon & Maisy","Lean On",154873,FALSE,"6vitsF2KtpS8eiyZ4fJXc3","Lean On",49,"https://i.scdn.co/image/5bfc0d3c6e1732ba4aa351c96ddc27973d70d650","https://p.scdn.co/mp3-preview/6f4c83c3a2c96f70dccafebe0ffab7a9d4611d80",0.578,0.657,-7.42,1,0.0462,0.106,0,0.111,0.487,89.931,4
"2016-07-02T16:52:01Z","720fJ5sGqAOhvU2IUypqIr","Lennon & Maisy","Big Yellow Taxi",133235,FALSE,"4p0mcDUnm4Zfk644WNJqSp","Big Yellow Taxi",46,"https://i.scdn.co/image/0aca290ea07b0da01e972106c181fefacb91a1ab","https://p.scdn.co/mp3-preview/354a34ab0b85b0fb5af8258eaf690b83d81e3aaa",0.652,0.269,-14.082,1,0.0513,0.849,0,0.09,0.518,170.019,4
"2016-07-02T16:54:57Z","720fJ5sGqAOhvU2IUypqIr","Lennon & Maisy","Lennon and Maisy Live Youtube Sessions",170866,FALSE,"5dw7mpYMfKz7N0OdtJAiXT","I Won't Give Up",45,"https://i.scdn.co/image/b406e4d8b4ac544d808599b7c84b2e27b370ed44","https://p.scdn.co/mp3-preview/26ad3507d88e9e68e3465e4f33670b3fea26d0a7",0.479,0.205,-9.291,1,0.034,0.841,0,0.31,0.316,96.425,4
"2016-07-03T22:13:08Z","1xU878Z1QtBldR7ru9owdU","Phoenix","Wolfgang Amadeus Phoenix",193106,FALSE,"5JtPGzRgrWxkXX9LoROq3d","1901",66,"https://i.scdn.co/image/dd50cf172806b09c1596579d8e921eb868c4d17c","https://p.scdn.co/mp3-preview/67fcb35dfbcf3d5d85d5eb0254963513f2e93666",0.604,0.825,-5.373,1,0.0429,0.0564,5.8e-05,0.192,0.694,144.085,4
"2016-07-03T22:13:13Z","1xU878Z1QtBldR7ru9owdU","Phoenix","Wolfgang Amadeus Phoenix",241640,FALSE,"6ZrlXT6mUMEgomN128iekU","Lisztomania",64,"https://i.scdn.co/image/dd50cf172806b09c1596579d8e921eb868c4d17c","https://p.scdn.co/mp3-preview/cf0446e315a586cd6ba02cf023d36d4b356d401d",0.642,0.808,-6.406,1,0.0463,0.0383,0.00829,0.547,0.27,97.565,4
"2016-07-10T21:26:14Z","2qxJFvFYMEDqd7ui6kSAcq","Zedd","Candyman",178920,FALSE,"0NWQTyapmz4GuDTSN9xTB7","Candyman",70,"https://i.scdn.co/image/3f35f172ab3e708f25a20b1c5650ca41a31bced4","https://p.scdn.co/mp3-preview/33bd49a1a99a31eeaac36a4385070dcbfd28ef8b",0.573,0.875,-4.057,0,0.0523,0.0232,0,0.356,0.24,149.974,4
"2016-07-10T21:38:11Z","1DSiGgKmYME4LpVa5WaMC6","Beth Parks","We Hold Each Other (Acoustic Version)",168550,FALSE,"1DsUHtx6sKA6tYLaxtIhl2","We Hold Each Other (Acoustic Version)",44,"https://i.scdn.co/image/a07959c5500e6265fb279bba9079b2e3460b9835","https://p.scdn.co/mp3-preview/245cf95152e1c0968714fee31d8a40efa62012e0",0.367,0.305,-9.726,1,0.0343,0.737,4.99e-06,0.115,0.178,158.916,4
"2016-07-10T22:01:15Z","6C7VkLRszFSbRkKNhEvBST","Kelleigh Bannen","Famous",192026,FALSE,"63h8NWgLqvSo5XKfc6vvns","Famous",44,"https://i.scdn.co/image/880ea6207d84d926686f6251d315c105404242c8","https://p.scdn.co/mp3-preview/df43dd9ca8bb87d90abafe41d578f338043fddb7",0.631,0.838,-5.369,1,0.03,0.0178,1.22e-06,0.331,0.707,145.907,4
"2016-07-10T22:01:24Z","5P5FTygHyx2G57oszR3Wot","Daughtry","Baptized (Deluxe Version)",232133,FALSE,"0YpzP03QziAgqcZSCtjbl2","Battleships",56,"https://i.scdn.co/image/8a5acd633bbf12080c915f8c638dd158eea2d1a9","https://p.scdn.co/mp3-preview/a70e6a3de05ddd054e607c3d7638d93fe0533a0a",0.49,0.746,-4.951,1,0.0405,0.0121,0,0.0624,0.344,81.848,4
"2016-07-10T22:19:53Z","7Ege22sTyb3Tj5WCo73N4I","3rd & Union","3rd & Union",204040,FALSE,"6H0uuwheIoLSBLUBGeA08W","My Love",44,"https://i.scdn.co/image/2450b9254b234cc29e5d8d48b572c1fc301f9d97","https://p.scdn.co/mp3-preview/8bb78acf5352d80f018fa6c9e46875bf63311ce3",0.446,0.301,-8.175,1,0.0299,0.753,1.49e-06,0.0805,0.19,100.093,4
"2016-07-10T22:34:36Z","0heAERqkFjS3QpeGQCprAo","Corey Kent White","Making Noise",193912,FALSE,"6Qop6mu1D6sET7ssQfOrJR","She Ain't Perfect",48,"https://i.scdn.co/image/bed8a679e9d2e19a624936aebb26af00570faf8a","https://p.scdn.co/mp3-preview/2fd0508cb3a4ee5ec9fa9cbacfced3195e76a9d4",0.517,0.494,-7.466,1,0.0292,0.21,0,0.123,0.435,143.992,4
"2016-07-10T22:43:52Z","6HnFfQug60BF0wJPXpusXY","Jeremy Kay","I'll Be (Your Crying Shoulder) - Single",262371,FALSE,"0ipNYEbB1NvhSgu3Ntk1r0","I'll Be (Your Crying Shoulder)",47,"https://i.scdn.co/image/e37595db720c8e12c6683dc98f801f4d0114910b","https://p.scdn.co/mp3-preview/bfc71bc582fe554a3ca0ffaa059949199069e1c6",0.463,0.537,-5.477,1,0.0255,0.0139,0,0.153,0.115,136.553,3
"2016-07-10T22:55:56Z","3sqggE8rqIXZjB68hPbhen","Greek Fire","Top of the World",266168,FALSE,"1PvEOveuZFuu0LCKdKQRdN","Top of the World",50,"https://i.scdn.co/image/0f7861f9e9ff3b059bd13d374132804bd2870ecc","https://p.scdn.co/mp3-preview/5763024e2c8398dea4af524cac94cf552b085aa4",0.488,0.89,-4.408,1,0.0504,0.00198,0.000338,0.325,0.273,135.085,4
"2016-07-10T23:08:06Z","0fojCSjHUGoeGMPYbEZybu","Jefr Tale","500 Miles",251428,FALSE,"34KLU8DHsyjbCRwhcMhT42","500 Miles (feat. Louise Rademakers)",47,"https://i.scdn.co/image/ceddf658be0edee9dde026d1724bde038af401e5","https://p.scdn.co/mp3-preview/26602e282221a545133c652a9f13f36514b6d299",0.684,0.823,-3.293,0,0.0317,0.0408,0.00135,0.0738,0.315,126.035,4
"2016-07-10T23:12:13Z","7sEYE0eSWBS9KwHsmFO37Y","Jan Krist","Decapitated Society & Wing And A Prayer",224933,FALSE,"2KXksPfkDyi9o2p4ZVUQqQ","Shine",40,"https://i.scdn.co/image/4cc425c6fe8e4af821c2c8bda10e2944642c799c","https://p.scdn.co/mp3-preview/6a07171218060dcc289135da71b86e620191f45f",0.593,0.324,-9.286,0,0.0426,0.86,1.35e-06,0.113,0.268,81.268,4
"2016-07-14T22:55:47Z","716ZwtZBmwROBXcFmCzfdM","Andrew McMahon in the Wilderness","Andrew McMahon In The Wilderness",223879,FALSE,"1MSM3Fo2fvnwVqMcz8Jhjq","Cecilia And The Satellite",65,"https://i.scdn.co/image/327f05e904f7e5630cf61557334a0a8e5259b0b5","https://p.scdn.co/mp3-preview/8a2d041b79136dfd02dce29783335b55adbaf76a",0.383,0.842,-7.119,1,0.137,0.0116,0,0.328,0.23,194.048,4
"2016-07-17T18:07:55Z","6VuMaDnrHyPL1p4EHjYLi7","Charlie Puth","One Call Away (Acoustic)",189052,FALSE,"4qE36yuwYbHnsPzlwhrO3M","One Call Away - Acoustic",67,"https://i.scdn.co/image/92d1f7dd7895d1d05bc6376334824fbb4121c26f","https://p.scdn.co/mp3-preview/893e37fba2f30e4d9a17dab8d3f121c76b4ca016",0.649,0.258,-13.442,1,0.0363,0.74,0,0.0799,0.358,90.937,4
"2016-07-24T20:02:20Z","2UBTfUoLI07iRqGeUrwhZh","Steve Earle","Copperhead Road (Deluxe Edition)",270066,FALSE,"0ttKO7eBjyoq5Khr2X9lwV","Copperhead Road",58,"https://i.scdn.co/image/412346a973e619d4b540e79a359d973cefdc0613","https://p.scdn.co/mp3-preview/4bc1227013ea2b894e403536889962d3796d6fdd",0.378,0.742,-10.002,1,0.0444,0.0257,0.000125,0.0659,0.758,163.721,4
"2016-08-08T15:04:47Z","7KMqksf0UMdyA0UCf4R3ux","James Blunt","Moon Landing (Deluxe Edition)",238000,FALSE,"13ETkZ90sElK5xJuB4cUEt","Bonfire Heart",67,"https://i.scdn.co/image/8b11e419a44935f4ad5c72527c7df61151fa52ce","https://p.scdn.co/mp3-preview/cb557c4f91aa7192c275ee9c0637da2905aa9b7f",0.575,0.821,-5.7,1,0.0527,0.181,0,0.124,0.454,118.021,4
"2016-08-08T19:40:26Z","4gzpq5DPGxSnKTe4SA8HAU","Coldplay","Magic",285014,FALSE,"27jdUE1EYDSXZqhjuNxLem","Magic",68,"https://i.scdn.co/image/d02889be147633d60d6348b2b797cce76df562bb","https://p.scdn.co/mp3-preview/4bbc6c3a61b175ca895e0f5a2ab79804f290b263",0.738,0.483,-8.915,0,0.0403,0.0262,0.616,0.106,0.358,93.458,4
"2016-08-08T19:48:16Z","2RTUTCvo6onsAnheUk3aL9","3 Doors Down","Here Without You",236920,FALSE,"7qQfI2F80t2MZcLLVuH6M2","Here Without You",54,"https://i.scdn.co/image/74405adf7ef7060a7373342b80876ae9f75c34a4","https://p.scdn.co/mp3-preview/d10323b3d424ceb9fc9f12c377d7d9a9ab3bded8",0.544,0.55,-6.756,0,0.0248,0.0541,0,0.243,0.232,144.028,4
"2016-08-09T12:06:23Z","3gd8FJtBJtkRxdfbTu19U2","Mumford & Sons","Deluxe Companion",253200,FALSE,"7lP3A8hK1viPC6CaFybUNj","White Blank Page",8,"https://i.scdn.co/image/14e809cebfd41cb7ba77974feb3e6a42c07cc5f7",NA,0.353,0.504,-11.226,0,0.0424,0.11,0,0.701,0.507,132.961,4
"2016-08-10T12:23:02Z","4EzkuveR9pLvDVFNx6foYD","James Bay","Chaos And The Calm",260533,FALSE,"13HVjjWUZFaWilh2QUJKsP","Let It Go",80,"https://i.scdn.co/image/80cce6b1bb492fd45ddb26a81c79959527d98a63","https://p.scdn.co/mp3-preview/67671d34ac3cf016fb3216ced515ca3b5be99703",0.568,0.293,-10.253,1,0.0313,0.804,1.26e-05,0.107,0.252,147.175,4
"2016-08-10T21:32:46Z","2MqhkhX4npxDZ62ObR5ELO","Hoobastank","The Reason",232800,FALSE,"7afSN5zhUhkbpRFpYKYztK","The Reason",68,"https://i.scdn.co/image/d6b0758fff1722697aedf4fac19448df8dbd40e5","https://p.scdn.co/mp3-preview/b88392e350a215b5f6f4cf309b6ceabe925ec1a8",0.472,0.671,-4.649,1,0.029,0.0129,0,0.159,0.0736,82.952,4
"2016-08-11T12:11:54Z","1uNFoZAHBGtllmzznpCI3s","Justin Bieber","Love Yourself",233746,FALSE,"4qug3gWrzeTNm0GhOkugJV","Love Yourself",19,"https://i.scdn.co/image/8b47495ce0c4a341f7196f70bcf4361e6257c1a0",NA,0.795,0.378,-9.979,1,0.316,0.859,0,0.204,0.559,100.227,4
"2016-08-11T23:12:42Z","1w5Kfo2jwwIPruYS2UWh56","Pearl Jam","Backspacer",215853,FALSE,"3k9qjgu8zVKTEuJVJIYyc0","Just Breathe",58,"https://i.scdn.co/image/4fa3835662af97b88a5e02f2500b0626e00dfdf4","https://p.scdn.co/mp3-preview/0fde8641791b8ac0bf7457de4238723512c804aa",0.453,0.349,-11.077,1,0.0289,0.714,7.94e-05,0.0835,0.288,107.791,4
"2016-08-12T12:46:08Z","6jJ0s89eD6GaHleKKya26X","Katy Perry","PRISM (Deluxe)",228878,FALSE,"2RPNCUaDL2ixoY9wGpoJoQ","Unconditionally",66,"https://i.scdn.co/image/e68e1a8046af77e2c9f23ef348d3c88c3a9f5f01","https://p.scdn.co/mp3-preview/cec7bb104a6ffe925b24ca1cd75438e3729aa44c",0.555,0.729,-4.813,1,0.0387,0.00357,0,0.209,0.367,129.003,4
"2016-08-12T12:53:54Z","5xKp3UyavIBUsGy3DQdXeF","A Great Big World","Is There Anybody Out There?",229400,FALSE,"6Vc5wAMmXdKIAM7WUoEb7N","Say Something",79,"https://i.scdn.co/image/8863198086f9707f49deeb0c5f8a269344dc7dda","https://p.scdn.co/mp3-preview/fe73e55ae08bf3395db3e1ba4485533f59faf3ea",0.407,0.147,-8.822,1,0.0355,0.857,2.89e-06,0.0913,0.0796,141.284,3
"2016-08-12T13:02:03Z","4AK6F7OLvEQ5QYCBNiQWHq","One Direction","Midnight Memories (Deluxe)",245493,FALSE,"4nVBt6MZDDP6tRVdQTgxJg","Story of My Life",76,"https://i.scdn.co/image/fa3dd6a5fab74f40b020da009825209c807213d3","https://p.scdn.co/mp3-preview/e8cbef539a2a32def5e66968cc00769a4f523c1c",0.6,0.663,-5.802,1,0.0477,0.225,0,0.119,0.291,121.07,4
"2016-08-12T13:19:14Z","2jw70GZXlAI8QzWeY2bgRc","Nelly Furtado","Whoa, Nelly! (Special Edition)",243160,FALSE,"2tP7ZekzXfduShx8C6cbll","I'm Like A Bird",57,"https://i.scdn.co/image/58b858e8b5ae463ba299d59b2aad188887463768","https://p.scdn.co/mp3-preview/b3cbf27e8eb8a6f27034feaaf45d7c5f6d79f0b3",0.616,0.633,-5.076,1,0.0383,0.147,1.48e-06,0.288,0.585,89.644,4
"2016-08-12T13:20:14Z","0L6Gwm0JDrgIQJfjarWSUR","Edwin McCain","Misguided Roses",266533,FALSE,"5K7AMlpc4796JRWXb26nCV","I'll Be",65,"https://i.scdn.co/image/02799b8c4b7630f584fe0d714435951eb68b173e","https://p.scdn.co/mp3-preview/3bf5963076f900a99a498a09d205643824c70c58",0.371,0.609,-5.524,1,0.0295,0.386,0,0.104,0.425,136.526,3
"2016-08-12T13:26:38Z","7H55rcKCfwqkyDFH9wpKM6","Christina Perri","human",250706,FALSE,"1zVhMuH7agsRe6XkljIY4U","human",69,"https://i.scdn.co/image/d9edb2b92e61d68587167570befd9b8f68b4e0eb","https://p.scdn.co/mp3-preview/424c533fa789fc3787d658abb491ed1cee3fb9ef",0.439,0.489,-6.286,1,0.0368,0.132,0.000643,0.114,0.247,143.808,4
"2016-08-12T13:34:00Z","3FUY2gzHeIiaesXtOAdB7A","Train","Drops Of Jupiter",259933,FALSE,"2hKdd3qO7cWr2Jo0Bcs0MA","Drops of Jupiter",75,"https://i.scdn.co/image/1ec11d65250e4b38ea7f5d90870d2c9bd6d13074","https://p.scdn.co/mp3-preview/dd63090aa1fc20e712ec34f0240d25557101ba79",0.468,0.64,-5.862,1,0.0275,0.154,0,0.154,0.506,79.297,4
"2016-08-12T21:15:44Z","25u4wHJWxCA9vO0CzxAbK7","Lukas Graham","7 Years",237300,FALSE,"7MY77zbtJr7KOSrOza4S3L","7 Years",31,"https://i.scdn.co/image/54679dcbfd048af901a18efbf6b39c54e3353887",NA,0.726,0.498,-5.788,1,0.0621,0.322,0,0.386,0.338,119.825,4
"2016-08-13T03:44:39Z","2vm8GdHyrJh2O2MfbQFYG0","Ingrid Michaelson","Without You",185621,FALSE,"11rfyZIz1ah4q9WxWvSKmn","Without You",48,"https://i.scdn.co/image/d3b4652bf7fc22c0b0cefa650c6300c5b8b231b6","https://p.scdn.co/mp3-preview/0f38aa10f1ec779258d9dfde92705f1412939e86",0.522,0.572,-7.834,1,0.0419,0.186,0.0106,0.112,0.362,172.06,3
"2016-08-13T03:46:49Z","4dpARuHxo51G3z768sgnrY","Adele","Send My Love (To Your New Lover)",223080,FALSE,"3LGxef3inmn5jMLGDz9lqw","Send My Love (To Your New Lover)",86,"https://i.scdn.co/image/c7b15589fbbdc7ce09eb85cfe034f7c1c177d248","https://p.scdn.co/mp3-preview/2f7c4f6de9f5a25ed2d59d353c62a06c2ac57c96",0.69,0.524,-8.39,0,0.103,0.0415,3.16e-06,0.17,0.561,164.023,4
"2016-08-13T03:53:22Z","66TrUkUZ3RM29dqeDQRgyA","Ella Eyre","Deeper",208107,FALSE,"3jiU1EVqX3YURjXJmaQ0Fi","Deeper",46,"https://i.scdn.co/image/8fd9bc4cf7d308ffe1d9ecc3d459f4c8a18c46f1","https://p.scdn.co/mp3-preview/0673eb13b974bda2571c82077b1a5930606f63b0",0.631,0.658,-7.337,0,0.114,0.308,0,0.118,0.712,150.001,4
"2016-08-13T04:49:30Z","0hEurMDQu99nJRq8pTxO14","John Mayer","Paradise Valley",253493,FALSE,"0QTCTu0CXv4X1JEE4gNpGv","Wildfire",66,"https://i.scdn.co/image/a615f09cdf83957cde9e43ca5b96bebed7fae938","https://p.scdn.co/mp3-preview/4a11f49c0d443fbf20afe8abba12a3720237dce4",0.719,0.665,-8.589,1,0.0331,0.15,0.00092,0.144,0.769,96.999,4
"2016-08-15T17:19:41Z","0RpddSzUHfncUWNJXKOsjy","Neon Trees","Everybody Talks",179386,FALSE,"5JGxJFdgOQdJZdmyEzDtTj","Everybody Talks",63,"https://i.scdn.co/image/a9fae87e398717284f4208bfdac3325bf4591c5d","https://p.scdn.co/mp3-preview/966abeb2c1ea4aa72c2d256fd6ca02f811400de0",0.476,0.918,-3.988,1,0.0616,0.00895,0,0.292,0.726,154.897,4
"2016-08-15T22:03:59Z","5nCi3BB41mBaMH9gfr6Su0","fun.","Some Nights (Spotify Exclusive)",250626,FALSE,"7a86XRg84qjasly9f6bPSD","We Are Young (feat. Janelle Monáe) - feat. Janelle Monae",69,"https://i.scdn.co/image/45aa3c0ca065d0eebe79193cc6f9753b3d415e9f","https://p.scdn.co/mp3-preview/af96d9b11588ea7d7754ccf2a8cefa7ead23a7d6",0.378,0.638,-5.576,1,0.075,0.02,7.66e-05,0.0849,0.762,184.086,4
"2016-08-16T13:45:21Z","21w752E8ikX6Xvm5QMQDCB","A Single Pill","I Will Stay If You Will",199366,FALSE,"7w0BwLDU9h7MaI8XpGLN0D","Stay True",0,"https://i.scdn.co/image/924990e3236511a244c70c7bf0434af8ac9f86e0",NA,0.786,0.866,-7.254,1,0.0469,0.18,0,0.405,0.88,122.029,4
"2016-08-16T13:48:53Z","0kD8IT1CzF7js2XKM9lLLa","Starset","Transmissions",288036,FALSE,"0zXXWXseqUw4F7W2PRkRl3","My Demons",55,"https://i.scdn.co/image/447e25af6a439ea5ee129af386e0a5cc53253018",NA,0.274,0.652,-6.196,0,0.0625,0.00768,6.42e-05,0.108,0.0992,173.009,4
"2016-08-16T14:04:05Z","3b8QkneNDz4JHKKKlLgYZg","Florida Georgia Line","Here's To The Good Times",208960,FALSE,"0i5el041vd6nxrGEU8QRxy","Cruise",72,"https://i.scdn.co/image/80aae97e243dd171aad3027a02489415926c3430","https://p.scdn.co/mp3-preview/ba2d7d0437520d94d48e9678d645c0a8776c270a",0.464,0.945,-3.342,1,0.0354,0.0189,0,0.0575,0.869,148.012,4
"2016-08-16T22:16:51Z","39x8gyJjTHiBQklFgVJSV4","Eric Hutchinson","Pure Fiction",161328,FALSE,"4DWo8FxZzcOyK9ObZHjemj","Tell the World",48,"https://i.scdn.co/image/12cbdf72604a26cf03917df5425d221d73c9c955","https://p.scdn.co/mp3-preview/d0447082eceae3115768883b427bed14f9dbcc17",0.667,0.853,-5.85,1,0.0434,0.0649,0,0.242,0.704,120.025,4
"2016-08-17T12:03:30Z","3wjsrpfO6odEphTZWx45RQ","Hearts & Colors","Steal My Girl - Single",208148,FALSE,"1A0ikIo9hqyp2D3SHxsLk4","Steal My Girl",57,"https://i.scdn.co/image/6693ba986d04243e6f8e0a3fd5cf9d78ddc6ec89","https://p.scdn.co/mp3-preview/bc3a2b5de7d4c41260d9649c65c6c834ebd1d7fb",0.636,0.253,-12.926,1,0.0432,0.833,0,0.168,0.745,80.826,4
"2016-08-18T21:49:08Z","6LqNN22kT3074XbTVUrhzX","Kesha","Cannibal",219973,FALSE,"5FQazQxWUHsJ8QDaXLdFzR","Blow",64,"https://i.scdn.co/image/8990bef4f04ea260694884661e5b2c3d2076eca0","https://p.scdn.co/mp3-preview/c012808108db4b59dcbec997ca0da14e370ecd32",0.752,0.73,-3.897,0,0.0412,0.00272,3.62e-05,0.175,0.768,120.032,4
"2016-08-18T21:52:35Z","6jJ0s89eD6GaHleKKya26X","Katy Perry","Katy Perry - Teenage Dream: The Complete Confection",227880,FALSE,"4lCv7b86sLynZbXhfScfm2","Firework",77,"https://i.scdn.co/image/33080534f9716c159af3cc491162a3e8745e6d84","https://p.scdn.co/mp3-preview/e407c359a54830601fee51f9f2fb969e1c5ba12b",0.638,0.826,-4.968,1,0.0479,0.139,0,0.0803,0.645,124.072,4
